resNum,DataCol,ColorCol
CASP9:139,NA,#808080,
CASP9:140,NA,#808080,
CASP9:141,NA,#808080,
CASP9:142,NA,#808080,
CASP9:143,NA,#808080,
CASP9:144,NA,#808080,
CASP9:145,NA,#808080,
CASP9:146,NA,#808080,
CASP9:147,0.4314610995379372,#f1faee,
CASP9:148,-0.24767687635928537,#f6f5f9,
CASP9:149,0.5135947200162525,#f0f9ec,
CASP9:150,-0.1367945619343353,#f9f8fb,
CASP9:151,-1.2086120597999574,#d5d5e9,
CASP9:152,0.3369842624869525,#f2faef,
CASP9:153,1.4524167625582949,#dff3da,
CASP9:154,0.048227580176167684,#f6fcf4,
CASP9:155,-0.3778818562249997,#f3f2f8,
CASP9:156,1.373278225217115,#e1f3dc,
CASP9:161,-1.2864655779800085,#d0d1e6,
CASP9:162,-0.9181952947545962,#e1e0ee,
CASP9:163,NA,#808080,
CASP9:164,NA,#808080,
CASP9:165,3.3304521690219926,#a9dca3,
CASP9:166,3.5514097235835167,#a3da9d,
CASP9:167,3.0219774931261116,#b4e1ad,
CASP9:168,2.4115846886872747,#c7e9c0,
CASP9:169,0.5568047991577181,#eff9ec,
CASP9:170,-1.4643708654437166,#c7c8e1,
CASP9:171,-1.6637818161314957,#bcbddc,
CASP9:172,0.20975726223289426,#f4fbf2,
CASP9:173,0.5320932176760169,#eff9ec,
CASP9:174,0.14411910352255003,#f5fbf3,
CASP9:175,0.16600698484141785,#f5fbf2,
CASP9:176,5.641222270111558,#50b264,
CASP9:177,1.600219560441866,#dbf1d6,
CASP9:178,NA,#808080,
CASP9:179,NA,#808080,
CASP9:180,NA,#808080,
CASP9:181,4.182126440277647,#8bcf89,
CASP9:182,3.2705802851975077,#abdda5,
CASP9:183,-1.5768680152273513,#c0c1de,
CASP9:184,-0.8892762933294789,#e2e2ef,
CASP9:185,7.443912311954097,#1c8540,
CASP9:186,1.3836118586874182,#e1f3dc,
CASP9:187,-0.506001606027395,#f0eef6,
CASP9:188,0.39773620247300645,#f1faee,
CASP9:189,3.1339439633778072,#b0dfaa,
CASP9:190,0.9064114797043081,#e9f7e5,
CASP9:191,0.9264727710944387,#e9f7e5,
CASP9:192,-1.4553452478627862,#c7c8e1,
CASP9:193,1.7833757194319886,#d7efd1,
CASP9:194,0.7078842991067194,#edf8e9,
CASP9:195,-0.0934139276675293,#faf9fc,
CASP9:196,0.4799980197477833,#f0f9ed,
CASP9:197,0.5752818302759398,#eff9eb,
CASP9:198,4.904446905203373,#6ec173,
CASP9:199,-0.3046286330744853,#f5f4f9,
CASP9:200,2.5039886280484374,#c4e8bd,
CASP9:201,-0.782398560143331,#e6e5f1,
CASP9:202,3.003752471128347,#b4e1ad,
CASP9:203,-0.7817620148701215,#e6e5f1,
CASP9:204,0.3205501587268126,#f2faf0,
CASP9:205,-2.3114053050534538,#9995c6,
CASP9:206,-1.2567011508632273,#d2d2e7,
CASP9:207,3.7999919414800987,#99d595,
CASP9:208,-0.23630864477238356,#f7f5fa,
CASP9:209,0.6972697119596318,#edf8e9,
CASP9:210,0.6680418810485282,#edf8ea,
CASP9:211,3.723762197410961,#9cd797,
CASP9:212,0.1453986533870107,#f5fbf3,
CASP9:213,0.3361938646058812,#f2faf0,
CASP9:214,2.212382575366027,#cbebc5,
CASP9:215,2.3666252057756454,#c8e9c1,
CASP9:216,0.08212290609906835,#f6fcf4,
CASP9:217,-3.0243668807541884,#7669af,
CASP9:218,2.757035246684529,#bce4b5,
CASP9:219,0.9553721163393867,#e9f7e5,
CASP9:220,NA,#808080,
CASP9:221,2.0456653057073937,#d0edca,
CASP9:222,2.026647775834564,#d0edca,
CASP9:224,-0.2236814439193908,#f7f6fa,
CASP9:225,0.49481515572688567,#f0f9ec,
CASP9:226,0.803008556900262,#ebf7e7,
CASP9:227,-1.970998075982911,#acaad1,
CASP9:228,4.070149890950233,#90d18d,
CASP9:229,2.500174250109853,#c4e8bd,
CASP9:230,1.076002352581265,#e7f6e3,
CASP9:231,1.201568661131722,#e5f5e0,
CASP9:232,0.045278698093220826,#f6fcf4,
CASP9:233,-1.726236214746189,#b9b9da,
CASP9:234,-1.6783148347681625,#bcbddc,
CASP9:235,-1.9894496064050435,#aba9d0,
CASP9:236,1.675737925632668,#daf0d4,
CASP9:237,7.044665467579979,#268e47,
CASP9:238,6.553020877743779,#329b51,
CASP9:239,1.6329920507508289,#dbf1d5,
CASP9:240,2.256101974610077,#cbeac4,
CASP9:241,0.45106740635696396,#f0f9ed,
CASP9:242,1.635630425125736,#dbf1d5,
CASP9:243,2.475372071380644,#c4e8bd,
CASP9:244,3.603911533311404,#a0d99b,
CASP9:245,-1.6380303529504145,#bebedd,
CASP9:246,0.8596034451850706,#ebf7e7,
CASP9:247,4.465170978897317,#80ca80,
CASP9:248,2.3460379737253647,#c9eac2,
CASP9:254,1.194972495518126,#e5f5e1,
CASP9:255,-2.837457615536254,#7d78b7,
CASP9:256,2.914753258386498,#b7e2b1,
CASP9:257,-0.46076574930831565,#f1f0f6,
CASP9:258,NA,#808080,
CASP9:259,2.848644431368637,#b8e3b2,
CASP9:260,-1.5875986847283172,#c0c1de,
CASP9:261,3.435381052474271,#a7dba0,
CASP9:262,-0.6643660308011565,#ebe9f3,
CASP9:263,1.1330567639254085,#e6f5e1,
CASP9:264,0.6600137076731052,#edf8ea,
CASP9:265,1.5248897594205326,#ddf2d8,
CASP9:266,NA,#808080,
CASP9:267,NA,#808080,
CASP9:268,NA,#808080,
CASP9:269,NA,#808080,
CASP9:270,NA,#808080,
CASP9:271,NA,#808080,
CASP9:272,NA,#808080,
CASP9:273,NA,#808080,
CASP9:274,-0.5957539219914415,#eeecf4,
CASP9:275,3.381002425164506,#a8dca2,
CASP9:276,-0.38458667592306384,#f3f1f7,
CASP9:277,-0.06770937336265864,#fbfafc,
CASP9:278,-1.0885333989867496,#dbdbec,
CASP9:279,-0.7942273449203121,#e6e5f1,
CASP9:280,-1.1211289458712692,#dadaeb,
CASP9:281,1.214803360394974,#e5f5e0,
CASP9:282,2.0994574777508515,#ceecc8,
CASP9:283,0.5653362733583313,#eff9eb,
CASP9:284,4.062050780991108,#90d18d,
CASP9:285,9.579328408253453,#00441b,
CASP9:286,1.3835535191360016,#e1f3dc,
CASP9:287,3.6181088962048094,#a0d99b,
CASP9:288,-0.42832840077053924,#f2f0f7,
CASP9:289,-1.3912400539981635,#cbcbe3,
CASP9:290,0.556301096436267,#eff9ec,
CASP9:291,4.566036069073368,#7cc87c,
CASP9:292,0.006214149109732392,#f7fcf5,
CASP9:293,-3.3731408307838886,#684da1,
CASP9:294,2.62251688586932,#c0e6b9,
CASP9:295,-1.7659055451938785,#b7b7d9,
CASP9:296,-1.1715716532881826,#d7d7e9,
CASP9:321,NA,#808080,
CASP9:322,-1.2639409706637585,#d2d2e7,
CASP9:323,3.697482400573586,#9ed798,
CASP9:324,0.1995572206926278,#f4fbf2,
CASP9:325,2.451322321001869,#c6e8bf,
CASP9:326,1.035578006891692,#e8f6e3,
CASP9:327,-1.7040687126788745,#babadb,
CASP9:328,-1.6532190527217454,#bdbedc,
CASP9:329,0.11479426994922978,#f5fbf3,
CASP9:330,1.6408703932766102,#dbf1d5,
CASP9:331,-2.2432876150803,#9d99c7,
CASP9:332,NA,#808080,
CASP9:333,NA,#808080,
CASP9:334,NA,#808080,
CASP9:335,NA,#808080,
CASP9:336,NA,#808080,
CASP9:337,NA,#808080,
CASP9:338,NA,#808080,
CASP9:339,NA,#808080,
CASP9:340,NA,#808080,
CASP9:341,NA,#808080,
CASP9:342,NA,#808080,
CASP9:343,NA,#808080,
CASP9:344,NA,#808080,
CASP9:345,NA,#808080,
CASP9:346,NA,#808080,
CASP9:347,NA,#808080,
CASP9:348,-2.6011709855981042,#8986be,
CASP9:349,-0.6027284628170039,#eeecf4,
CASP9:350,0.43693584982854117,#f1faee,
CASP9:351,-2.8281891299418955,#7d78b7,
CASP9:352,2.3749514924848323,#c8e9c1,
CASP9:353,1.5494188188041726,#dcf2d7,
CASP9:354,-2.553690223032262,#8c88bf,
CASP9:355,0.4137716627192428,#f1faee,
CASP9:356,1.0281445798943083,#e8f6e3,
CASP9:357,1.3284404211190624,#e2f4dd,
CASP9:358,0.4285668896401158,#f1faee,
CASP9:359,1.3296616180356355,#e2f4dd,
CASP9:360,-1.5804724618113395,#c0c1de,
CASP9:361,0.6323952576506142,#eef8ea,
CASP9:362,-0.4651197965402773,#f1f0f6,
CASP9:363,0.8303670397706859,#ebf7e7,
CASP9:364,-0.048410976449569126,#fbfafc,
CASP9:365,0.9021964957477995,#e9f7e5,
CASP9:366,-1.0104128478965824,#dedded,
CASP9:367,0.6224048333668294,#eef8ea,
CASP9:368,1.807391595767075,#d6efd0,
CASP9:369,1.9446678226421992,#d3eecd,
CASP9:370,2.687862300494109,#bee5b8,
CASP9:371,0.4390427414107104,#f1faee,
CASP9:372,0.048405367825874374,#f6fcf4,
CASP9:373,2.336427526376365,#c9eac2,
CASP9:374,-0.19339230031523094,#f8f6fa,
CASP9:375,1.0047823884392417,#e8f6e4,
CASP9:376,0.20192887234511953,#f4fbf2,
CASP9:377,0.846360862313165,#ebf7e7,
CASP9:378,1.4160609299099358,#e0f3db,
CASP9:379,0.1681216607770385,#f5fbf2,
CASP9:380,1.8811116730121529,#d4eece,
CASP9:381,0.2841600972608991,#f3faf0,
CASP9:382,NA,#808080,
CASP9:383,3.196267813027178,#aedea7,
CASP9:384,0.650405906291908,#edf8ea,
CASP9:385,7.619906119031326,#16803c,
CASP9:386,0.466485970892128,#f0f9ed,
CASP9:387,4.716171824613234,#76c578,
CASP9:388,-1.0647002026437253,#dcdcec,
CASP9:389,0.7914210447228945,#ebf7e7,
CASP9:390,-0.29410248885796864,#f5f4f9,
CASP9:392,1.9715805105053794,#d2edcc,
CASP9:393,-3.643490013270648,#5d3897,
CASP9:394,2.0257967475940006,#d0edca,
CASP9:395,-0.37005874765716484,#f3f2f8,
CASP9:396,0.1351090541059676,#f5fbf3,
CASP9:397,2.364183964463615,#c8e9c1,
CASP9:398,1.0746315974372764,#e7f6e3,
CASP9:399,1.2520256391773645,#e4f5df,
CASP9:400,0.927622583237878,#e9f7e5,
CASP9:401,-1.4728608621400294,#c6c7e1,
CASP9:402,-0.5967434167982338,#eeecf4,
CASP9:403,NA,#808080,
