TWC signature threshold and STD -0.754,0.008
Residue,TWC
SSUa:1,-1.0903898872982027
SSUa:2,-0.8703929332927202
SSUa:3,-1.4913189156259516
SSUa:4,-2.25
SSUa:5,-2.25
SSUa:7,-1.8826530612244898
SSUa:8,6.75
SSUa:10,6.75
SSUa:11,6.75
SSUa:12,6.75
SSUa:15,6.566326530612245
SSUa:16,6.566326530612245
SSUa:17,-1.8826530612244898
SSUa:19,-2.25
SSUa:20,-2.25
SSUa:24,-1.5427200731038684
SSUa:26,-1.75929028327749
SSUa:27,-2.2164179104477615
SSUa:28,-2.25
SSUa:29,-2.066326530612245
SSUa:30,-2.25
SSUa:31,-1.9813432835820897
SSUa:32,-2.25
SSUa:33,-2.25
SSUa:34,-1.8881358513554678
SSUa:35,-1.7017209869022234
SSUa:38,-1.6331861102650014
SSUa:39,-2.25
SSUa:40,-0.03769418215047218
SSUa:42,-1.646893085592446
SSUa:45,6.75
SSUa:47,6.75
SSUa:48,-1.180170575692964
SSUa:49,-1.9100670118793786
SSUa:50,6.75
SSUa:51,6.75
SSUa:52,6.566326530612245
SSUa:53,6.75
SSUa:55,-0.22959183673469363
SSUa:56,6.75
SSUa:57,6.75
SSUa:66,0.0013706975327444845
SSUa:68,-0.33033810539141023
SSUa:75,0.10691440755406634
SSUa:79,-0.05208650624428873
SSUa:81,-0.01644837039293323
SSUa:83,0.11513859275053312
SSUa:85,-0.5475936643314041
SSUa:90,6.75
SSUa:93,6.566326530612245
SSUa:96,6.566326530612245
SSUa:97,-2.25
SSUa:98,6.615671641791045
SSUa:99,-0.4406792567773377
SSUa:101,6.566326530612245
SSUa:103,6.75
SSUa:112,-1.1232866280840694
SSUa:113,-2.101279317697228
SSUa:114,6.75
SSUa:118,6.566326530612245
SSUa:124,-0.018504416692049885
SSUa:125,-0.2021778860798049
SSUa:134,6.615671641791045
SSUa:136,6.615671641791045
SSUa:144,6.566326530612245
SSUa:145,6.75
SSUa:146,6.75
SSUa:147,6.75
SSUa:156,6.75
SSUa:157,6.75
SSUa:165,6.566326530612245
SSUa:168,-0.2542643923240939
SSUa:169,-0.026728601888516584
SSUa:170,-0.07059092293633862
SSUa:171,-0.09046603716113333
SSUa:172,0.008909533962838806
SSUa:173,0.12678952177886083
SSUa:174,-0.07744441060006084
SSUa:176,-0.09252208346024951
SSUa:177,0.0397502284495888
SSUa:181,-0.6901462077368259
SSUa:183,-0.015077672860188795
SSUa:189,0.025357904355772176
SSUa:190,0.02261650929028336
SSUa:191,0.03906487968321626
SSUa:192,-0.038379530916844366
SSUa:193,0.10485836125494974
SSUa:194,-1.021855010660981
SSUa:195,-0.09252208346024982
SSUa:202,-0.11376789521778863
SSUa:214,0.04728906487968337
SSUa:219,-0.5558178495278709
SSUa:220,0.06922022540359435
SSUa:229,-1.2576149862930246
SSUa:235,-0.2734541577825158
SSUa:239,6.75
SSUa:240,6.75
SSUa:242,6.75
SSUa:243,6.566326530612245
SSUa:244,-0.553076454462382
SSUa:247,6.75
SSUa:250,6.566326530612245
SSUa:256,6.566326530612245
SSUa:257,6.75
SSUa:258,6.615671641791045
SSUa:259,6.615671641791045
SSUa:268,6.566326530612245
SSUa:272,-0.553076454462382
SSUa:273,6.566326530612245
SSUa:276,-0.1062290587876944
SSUa:278,6.75
SSUa:283,6.566326530612245
SSUa:286,-1.7346177276880905
SSUa:287,-1.1753731343283582
SSUa:288,6.75
SSUa:289,-2.156792567773378
SSUa:291,-0.9505787389582698
SSUa:292,6.75
SSUa:293,6.75
SSUa:296,6.75
SSUa:297,6.75
SSUa:298,-0.9231647883033809
SSUa:300,-2.203396283886689
SSUa:303,-1.7072037770332011
SSUa:304,6.75
SSUa:305,-1.1753731343283582
SSUa:306,-1.7455833079500458
SSUa:308,-0.4406792567773377
SSUa:309,6.615671641791045
SSUa:310,-2.25
SSUa:312,-0.11445324398416086
SSUa:313,-1.7346177276880905
SSUa:314,6.75
SSUa:316,-1.350822418519647
SSUa:318,6.75
SSUa:319,6.75
SSUa:320,6.75
SSUa:321,6.75
SSUa:322,6.75
SSUa:323,6.75
SSUa:325,6.75
SSUa:326,0.13775510204081637
SSUa:329,-1.3508224185196471
SSUa:331,6.75
SSUa:332,-1.863463295766068
SSUa:333,-0.4434206518428267
SSUa:334,-1.5153061224489797
SSUa:335,-2.25
SSUa:336,-1.8881358513554674
SSUa:339,6.566326530612245
SSUa:340,6.75
SSUa:342,6.75
SSUa:345,-1.8881358513554674
SSUa:346,-2.25
SSUa:347,6.566326530612245
SSUa:348,6.566326530612245
SSUa:349,6.481343283582089
SSUa:351,6.75
SSUa:352,6.566326530612245
SSUa:353,6.75
SSUa:354,-1.7154279622296682
SSUa:355,-1.452254035942735
SSUa:357,-1.8826530612244898
SSUa:358,6.75
SSUa:360,6.75
SSUa:361,-1.8826530612244903
SSUa:363,-1.8826530612244896
SSUa:364,6.75
SSUa:365,-0.5421108742004266
SSUa:368,6.75
SSUa:371,6.75
SSUa:373,-2.066326530612245
SSUa:376,6.566326530612245
SSUa:382,-2.066326530612245
SSUa:384,6.75
SSUa:385,6.75
SSUa:388,-0.5009899482180931
SSUa:389,-1.8826530612244896
SSUa:390,6.75
SSUa:391,-0.7806122448979591
SSUa:392,-0.3419890344197379
SSUa:393,6.75
SSUa:395,-1.6523758757234235
SSUa:399,-2.25
SSUa:400,6.481343283582089
SSUa:401,6.75
SSUa:402,6.75
SSUa:403,-1.2356838257691136
SSUa:404,-1.34259823332318
SSUa:405,-0.04591836734693886
SSUa:407,-1.836734693877551
SSUa:409,-1.5742461163569905
SSUa:412,-0.6497106305208649
SSUa:413,-1.2857142857142858
SSUa:414,-0.8265306122448978
SSUa:415,-1.6989795918367345
SSUa:416,-0.22959183673469374
SSUa:417,-0.7531982942430703
SSUa:418,-1.3425982333231798
SSUa:419,-1.2493908010965578
SSUa:420,6.566326530612245
SSUa:421,6.615671641791045
SSUa:423,6.481343283582089
SSUa:425,-0.503731343283582
SSUa:426,-0.04865976241242753
SSUa:428,0.08840999086201645
SSUa:431,-1.8196009747182456
SSUa:432,-1.8826530612244898
SSUa:433,-1.9018428266829122
SSUa:437,-0.407782515991471
SSUa:438,-0.7689613158696317
SSUa:439,-0.22959183673469385
SSUa:444,-0.23781602193116047
SSUa:445,-0.48180018275967085
SSUa:451,6.75
SSUa:452,6.75
SSUa:454,-0.8984922327139813
SSUa:456,-0.3529546146816933
SSUa:457,6.75
SSUa:458,6.75
SSUa:459,-2.25
SSUa:460,-1.4714438014011575
SSUa:461,6.566326530612245
SSUa:462,6.75
SSUa:464,-1.899786780383795
SSUa:465,-2.066326530612245
SSUa:467,-2.2500000000000004
SSUa:468,6.566326530612245
SSUa:469,6.75
SSUa:470,6.75
SSUa:472,6.75
SSUa:473,6.75
SSUa:474,6.75
SSUa:475,6.566326530612245
SSUa:476,-1.6989795918367347
SSUa:477,6.75
SSUa:478,6.75
SSUa:479,6.615671641791045
SSUa:480,6.566326530612245
SSUa:481,6.75
SSUa:482,6.75
SSUa:483,6.75
SSUa:485,6.481343283582089
SSUa:486,6.75
SSUa:488,6.75
SSUa:489,6.566326530612245
SSUa:490,-2.2500000000000004
SSUa:492,-1.9429637526652452
SSUa:493,-2.1156716417910446
SSUa:496,-0.8984922327139813
SSUa:498,6.75
SSUa:500,6.75
SSUa:501,6.481343283582089
SSUa:502,-1.5153061224489797
SSUa:504,-2.25
SSUa:507,-1.597547974413646
SSUa:511,-2.066326530612245
SSUa:512,-1.8168595796527565
SSUa:516,6.75
SSUa:518,6.75
SSUa:519,6.75
SSUa:521,6.75
SSUa:523,-2.140344197380445
SSUa:524,6.75
SSUa:525,6.75
SSUa:526,6.615671641791045
SSUa:527,6.75
SSUa:528,6.75
SSUa:532,-1.501599147121535
SSUa:534,6.615671641791045
SSUa:536,6.75
SSUa:537,6.566326530612245
SSUa:538,-2.25
SSUa:541,6.75
SSUa:553,-0.8491471215351813
SSUa:554,-1.4029089247639353
SSUa:555,-1.249390801096558
SSUa:556,0.11856533658239421
SSUa:560,6.615671641791045
SSUa:561,6.75
SSUa:562,6.75
SSUa:566,0.09663417605848328
SSUa:574,6.566326530612245
SSUa:575,6.566326530612245
SSUa:578,-0.17476393542491608
SSUa:580,0.08840999086201662
SSUa:582,-0.21040207127627153
SSUa:589,-0.19052695705147726
SSUa:590,-0.9396131586963143
SSUa:591,-1.36727078891258
SSUa:592,-0.1637983551629607
SSUa:596,6.75
SSUa:597,6.566326530612245
SSUa:600,0.08018580566554978
SSUa:605,6.75
SSUa:606,6.75
SSUa:608,6.75
SSUa:609,-1.2247182455071577
SSUa:611,-1.652375875723424
SSUa:612,-0.1446085897045386
SSUa:616,-0.13912579957356064
SSUa:622,-0.7504568991775815
SSUa:623,-0.3666615900091378
SSUa:626,-1.3672707889125804
SSUa:628,6.75
SSUa:629,-2.066326530612245
SSUa:630,6.75
SSUa:631,-0.5558178495278705
SSUa:635,0.0582546451416386
SSUa:638,-2.2390344197380445
SSUa:639,6.75
SSUa:641,6.75
SSUa:643,-0.9807340846786474
SSUa:645,6.75
SSUa:649,6.615671641791045
SSUa:650,6.75
SSUa:651,6.75
SSUa:652,-0.829957356076759
SSUa:654,-0.5613006396588486
SSUa:655,-0.692887602802315
SSUa:656,-1.4056503198294241
SSUa:657,-0.33650624428875997
SSUa:658,6.75
SSUa:660,-2.066326530612245
SSUa:661,-1.463219616204691
SSUa:668,6.75
SSUa:669,6.75
SSUa:670,-2.25
SSUa:674,6.615671641791045
SSUa:679,6.615671641791045
SSUa:681,6.75
SSUa:683,6.75
SSUa:686,6.615671641791045
SSUa:688,-0.8518885166006702
SSUa:691,-0.38036856533658236
SSUa:692,-0.7723880597014925
SSUa:698,-1.3316326530612248
SSUa:701,-0.8546299116661591
SSUa:702,-0.6298355162960708
SSUa:703,-1.7373591227535792
SSUa:705,-1.2247182455071577
SSUa:706,6.566326530612245
SSUa:707,6.75
SSUa:708,6.75
SSUa:710,-2.25
SSUa:711,6.566326530612245
SSUa:713,6.75
SSUa:716,-1.5454614681693573
SSUa:719,6.75
SSUa:720,6.75
SSUa:721,6.615671641791045
SSUa:723,6.566326530612245
SSUa:725,-1.6386689003959796
SSUa:726,-1.592065184282668
SSUa:727,6.75
SSUa:728,6.75
SSUa:729,6.566326530612245
SSUa:733,6.566326530612245
SSUa:735,6.75
SSUa:736,6.566326530612245
SSUa:738,-1.5893237892171794
SSUa:739,6.75
SSUa:740,6.615671641791045
SSUa:741,6.615671641791045
SSUa:742,6.75
SSUa:743,6.75
SSUa:744,6.75
SSUa:745,6.75
SSUa:746,6.75
SSUa:748,6.75
SSUa:749,6.75
SSUa:750,6.615671641791045
SSUa:751,6.75
SSUa:752,-1.5893237892171794
SSUa:754,6.75
SSUa:755,6.75
SSUa:756,6.75
SSUa:757,6.566326530612245
SSUa:758,6.566326530612245
SSUa:759,6.75
SSUa:760,6.75
SSUa:761,-1.592065184282668
SSUa:762,-1.6386689003959791
SSUa:767,6.75
SSUa:769,6.75
SSUa:770,6.75
SSUa:774,6.75
SSUa:775,6.566326530612245
SSUa:776,-1.2932531221443802
SSUa:778,-0.6133871459031375
SSUa:792,-0.295385318306427
SSUa:795,-0.12199208041425535
SSUa:806,0.0692202254035943
SSUa:808,-0.5667834297898264
SSUa:818,6.481343283582089
SSUa:820,-0.8436643314042036
SSUa:821,-1.581099604020713
SSUa:822,6.75
SSUa:823,6.75
SSUa:824,-2.1513097776424006
SSUa:825,-0.810767590618337
SSUa:830,6.75
SSUa:831,6.75
SSUa:834,-0.7011117879987815
SSUa:836,-1.2932531221443802
SSUa:837,6.566326530612245
SSUa:838,6.75
SSUa:840,6.75
SSUa:842,6.75
SSUa:843,6.75
SSUa:845,6.75
SSUa:847,6.75
SSUa:848,6.615671641791045
SSUa:849,6.75
SSUa:850,6.75
SSUa:856,6.75
SSUa:857,6.75
SSUa:858,6.75
SSUa:859,6.75
SSUa:862,-0.320057873895827
SSUa:865,6.75
SSUa:866,6.566326530612245
SSUa:867,6.75
SSUa:868,6.75
SSUa:869,6.75
SSUa:870,-2.25
SSUa:871,6.75
SSUa:872,6.75
SSUa:873,6.75
SSUa:876,6.75
SSUa:877,6.75
SSUa:878,6.75
SSUa:880,6.75
SSUa:881,-1.8826530612244898
SSUa:882,6.75
SSUa:883,6.75
SSUa:884,6.75
SSUa:885,6.75
SSUa:886,6.566326530612245
SSUa:888,-2.069067925677734
SSUa:889,-2.25
SSUa:890,6.481343283582089
SSUa:891,-2.1156716417910446
SSUa:892,6.615671641791045
SSUa:895,6.566326530612245
SSUa:896,6.566326530612245
SSUa:897,6.75
SSUa:899,-0.9834754797441364
SSUa:901,6.75
SSUa:903,6.75
SSUa:908,-2.206137678952178
SSUa:909,6.566326530612245
SSUa:910,6.615671641791045
SSUa:911,-1.7126865671641793
SSUa:912,6.75
SSUa:913,6.75
SSUa:915,6.75
SSUa:917,6.75
SSUa:918,6.75
SSUa:919,6.75
SSUa:921,-2.1156716417910446
SSUa:923,6.75
SSUa:924,-0.14186719463904962
SSUa:925,-2.25
SSUa:928,6.75
SSUa:929,6.615671641791045
SSUa:931,6.75
SSUa:932,-2.1156716417910446
SSUa:933,-1.7894456289978677
SSUa:934,-1.578358208955224
SSUa:937,6.75
SSUa:938,-0.04591836734693855
SSUa:939,6.75
SSUa:940,6.75
SSUa:942,6.75
SSUa:943,6.75
SSUa:944,6.75
SSUa:945,-1.1013554675601582
SSUa:949,-0.9971824550715809
SSUa:950,-2.2143618641486444
SSUa:951,-2.2164179104477615
SSUa:953,-2.25
SSUa:954,-0.7806122448979593
SSUa:955,-1.1260280231495583
SSUa:957,-0.4324550715808714
SSUa:965,-0.1309016143770938
SSUa:966,-0.00479744136460547
SSUa:968,-0.23507462686567177
SSUa:969,-1.2247182455071581
SSUa:970,-1.6606000609198903
SSUa:971,-0.3584374048126715
SSUa:973,-2.25
SSUa:974,-0.9642857142857142
SSUa:976,-0.9834754797441363
SSUa:977,-2.1156716417910446
SSUa:979,-0.007538836430094231
SSUa:980,-1.6496344806579348
SSUa:981,-0.4763173926286933
SSUa:982,-0.3968169357295158
SSUa:984,-0.388592750533049
SSUa:985,-0.5092141334145599
SSUa:986,-0.16653975022844944
SSUa:988,-0.4598690222357598
SSUa:991,-0.2350746268656716
SSUa:993,-1.3535638135851356
SSUa:994,-0.45095948827292137
SSUa:997,-2.2445172098690223
SSUa:999,6.75
SSUa:1000,6.566326530612245
SSUa:1002,6.566326530612245
SSUa:1004,6.75
SSUa:1005,6.75
SSUa:1006,6.75
SSUa:1007,6.75
SSUa:1009,6.75
SSUa:1010,6.75
SSUa:1012,-1.6797898263783124
SSUa:1015,6.75
SSUa:1016,6.566326530612245
SSUa:1018,6.566326530612245
SSUa:1019,6.566326530612245
SSUa:1020,6.566326530612245
SSUa:1022,6.566326530612245
SSUa:1024,6.75
SSUa:1025,6.75
SSUa:1027,-0.5037313432835819
SSUa:1029,6.566326530612245
SSUa:1030,6.566326530612245
SSUa:1034,-0.2350746268656717
SSUa:1037,6.566326530612245
SSUa:1038,-1.3453396283886692
SSUa:1039,-2.1184130368565337
SSUa:1040,-0.9642857142857144
SSUa:1042,6.75
SSUa:1043,6.75
SSUa:1044,6.566326530612245
SSUa:1045,6.75
SSUa:1046,6.75
SSUa:1047,6.75
SSUa:1049,-0.9642857142857144
SSUa:1050,-2.115671641791045
SSUa:1053,6.75
SSUa:1054,6.75
SSUa:1055,6.75
SSUa:1057,6.566326530612245
SSUa:1059,6.566326530612245
SSUa:1061,-1.7647730734084681
SSUa:1062,-2.25
SSUa:1063,6.75
SSUa:1065,6.75
SSUa:1066,6.566326530612245
SSUa:1067,-1.339856838257691
SSUa:1073,-0.0678495278708496
SSUa:1077,6.75
SSUa:1078,6.649253731343283
SSUa:1082,6.513554675601585
SSUa:1094,-0.9862168748096253
SSUa:1100,-0.2960706670727993
SSUa:1115,0.10485836125494963
SSUa:1117,6.75
SSUa:1118,6.566326530612245
SSUa:1120,6.75
SSUa:1121,6.75
SSUa:1127,0.026043253122144214
SSUa:1130,6.75
SSUa:1135,6.75
SSUa:1136,6.75
SSUa:1137,6.566326530612245
SSUa:1138,6.75
SSUa:1139,6.75
SSUa:1140,6.615671641791045
SSUa:1141,6.566326530612245
SSUa:1142,6.75
SSUa:1143,0.05551325007614985
SSUa:1146,6.566326530612245
SSUa:1147,6.566326530612245
SSUa:1148,-1.8826530612244898
SSUa:1149,-1.1753731343283582
SSUa:1150,-0.22959183673469385
SSUa:1151,6.75
SSUa:1153,6.75
SSUa:1154,-2.25
SSUa:1156,6.481343283582089
SSUa:1157,-1.6797898263783124
SSUa:1159,6.75
SSUa:1162,-1.0410447761194028
SSUa:1164,6.615671641791045
SSUa:1166,6.75
SSUa:1171,-1.3453396283886687
SSUa:1172,-2.25
SSUa:1175,-0.7696466646360034
SSUa:1176,-0.16928114529393834
SSUa:1179,-1.1013554675601582
SSUa:1180,6.75
SSUa:1181,6.75
SSUa:1182,6.75
SSUa:1183,6.75
SSUa:1186,6.75
SSUa:1187,6.75
SSUa:1188,6.615671641791045
SSUa:1189,-1.7126865671641793
SSUa:1190,6.75
SSUa:1192,-2.0279469996954007
SSUa:1197,6.75
SSUa:1198,6.75
SSUa:1199,6.75
SSUa:1201,6.75
SSUa:1204,0.12130673164788314
SSUa:1209,6.615671641791045
SSUa:1210,6.75
SSUa:1212,-0.9012336277794699
SSUa:1215,6.649253731343284
SSUa:1219,6.566326530612245
SSUa:1222,-0.6517666768199817
SSUa:1226,6.75
SSUa:1227,-2.219844654279622
SSUa:1229,6.75
SSUa:1236,6.75
SSUa:1240,6.75
SSUa:1242,6.75
SSUa:1245,-0.5832318001827597
SSUa:1247,6.75
SSUa:1248,6.75
SSUa:1250,-0.8052848004873594
SSUa:1256,6.75
SSUa:1260,6.566326530612245
SSUa:1261,6.566326530612245
SSUa:1266,6.75
SSUa:1269,6.75
SSUa:1270,-1.0054066402680477
SSUa:1271,-1.2192354553761806
SSUa:1273,-0.09252208346024937
SSUa:1275,6.75
SSUa:1276,6.75
SSUa:1278,6.75
SSUa:1279,6.75
SSUa:1280,6.75
SSUa:1282,6.75
SSUa:1284,-0.2734541577825161
SSUa:1286,-1.2192354553761806
SSUa:1287,-0.9149406031069145
SSUa:1288,6.75
SSUa:1291,6.615671641791045
SSUa:1292,6.75
SSUa:1295,-0.5146969235455376
SSUa:1297,6.75
SSUa:1298,6.75
SSUa:1299,6.75
SSUa:1301,6.75
SSUa:1303,-0.9834754797441364
SSUa:1305,6.75
SSUa:1306,6.75
SSUa:1307,6.75
SSUa:1308,6.75
SSUa:1309,6.75
SSUa:1313,6.75
SSUa:1316,-0.4763173926286933
SSUa:1317,-1.4275814803533353
SSUa:1318,6.615671641791045
SSUa:1320,6.566326530612245
SSUa:1321,-0.9642857142857144
SSUa:1323,6.615671641791045
SSUa:1325,-1.0849070971672248
SSUa:1326,-0.5174383186110265
SSUa:1329,6.75
SSUa:1333,6.75
SSUa:1334,6.75
SSUa:1335,6.75
SSUa:1339,6.566326530612245
SSUa:1341,-2.066326530612245
SSUa:1344,-1.9374809625342675
SSUa:1345,6.481343283582089
SSUa:1346,-2.25
SSUa:1347,-2.069067925677734
SSUa:1350,6.75
SSUa:1351,6.75
SSUa:1352,6.75
SSUa:1353,-1.8826530612244898
SSUa:1354,6.75
SSUa:1355,6.75
SSUa:1357,6.75
SSUa:1358,6.75
SSUa:1359,6.75
SSUa:1361,6.75
SSUa:1362,6.75
SSUa:1363,6.75
SSUa:1364,6.566326530612245
SSUa:1365,6.75
SSUa:1366,6.75
SSUa:1367,6.75
SSUa:1372,6.75
SSUa:1373,6.75
SSUa:1375,-1.8250837648492233
SSUa:1376,-1.740100517819068
SSUa:1378,6.75
SSUa:1384,-0.5174383186110264
SSUa:1386,-0.30360950350289373
SSUa:1389,-1.9703777033201337
SSUa:1390,-1.8497563204386231
SSUa:1391,-0.4077825159914713
SSUa:1393,6.615671641791045
SSUa:1395,-0.8518885166006701
SSUa:1397,-0.8642247943953701
SSUa:1398,-0.04523301858056662
SSUa:1401,-0.12747487054523307
SSUa:1405,0.09046603716113312
SSUa:1415,-0.6798659762412426
SSUa:1417,-0.23233323180018273
SSUa:1418,-0.9889582698751145
SSUa:1420,-0.3968169357295157
SSUa:1422,0.09389278099299414
SSUa:1423,6.75
SSUa:1425,-1.8168595796527565
SSUa:1426,-1.8881358513554676
SSUa:1431,-0.758681084374048
SSUa:1434,0.05003045994517197
SSUa:1438,6.75
SSUa:1439,-1.7401005178190678
SSUa:1440,-1.646893085592446
SSUa:1442,6.75
SSUa:1443,6.75
SSUa:1447,6.75
SSUa:1448,6.75
SSUa:1449,6.566326530612245
SSUa:1450,6.75
SSUa:1451,6.75
SSUa:1452,6.566326530612245
SSUa:1455,6.75
SSUa:1456,6.75
SSUa:1457,6.75
SSUa:1458,6.75
SSUa:1459,6.75
SSUa:1460,6.75
SSUa:1461,6.75
SSUa:1464,6.75
SSUa:1467,6.75
SSUa:1468,6.75
SSUa:1471,6.615671641791045
SSUa:1472,6.75
SSUa:1473,6.75
SSUa:1474,6.75
SSUa:1477,6.75
SSUa:1481,6.75
SSUa:1485,6.75
SSUa:1486,6.75
SSUa:1488,6.615671641791045
SSUa:1489,6.566326530612245
SSUa:1490,6.566326530612245
SSUa:1491,6.566326530612245
SSUa:1492,6.75
SSUa:1493,6.566326530612245
