Residue,TWC
LSUa:6,-0.2988120621382879
LSUa:8,-0.5044166920499544
LSUa:9,-0.4434206518428267
LSUa:12,-0.11993603411513859
LSUa:13,-1.4995431008224187
LSUa:15,-1.8387907401766679
LSUa:17,-1.5153061224489797
LSUa:21,-1.386460554371002
LSUa:24,6.179789826378313
LSUa:26,6.75
LSUa:28,6.75
LSUa:29,6.75
LSUa:31,-1.5262717027109352
LSUa:32,6.198979591836736
LSUa:33,6.179789826378313
LSUa:34,-0.8683368869936037
LSUa:35,6.75
LSUa:36,6.615671641791045
LSUa:38,-1.712686567164179
LSUa:40,-1.5153061224489797
LSUa:41,-0.28373438927809913
LSUa:49,6.649253731343284
LSUa:51,6.75
LSUa:52,6.75
LSUa:53,6.38265306122449
LSUa:54,6.212686567164179
LSUa:55,6.566326530612245
LSUa:57,6.434739567468778
LSUa:58,6.75
LSUa:66,6.347014925373134
LSUa:69,6.75
LSUa:70,6.434739567468778
LSUa:71,6.481343283582089
LSUa:73,6.75
LSUa:75,6.174307036247335
LSUa:78,-0.06510813280536093
LSUa:81,6.212686567164179
LSUa:84,6.615671641791045
LSUa:86,-0.02946999695400543
LSUa:88,6.481343283582089
LSUa:91,-0.8793024672555592
LSUa:96,-0.1857295156868719
LSUa:102,6.75
LSUa:104,6.212686567164179
LSUa:109,6.212686567164179
LSUa:111,6.75
LSUa:112,-0.1089704538531831
LSUa:114,6.566326530612245
LSUa:117,6.75
LSUa:118,6.649253731343284
LSUa:119,6.649253731343284
LSUa:122,6.336734693877551
LSUa:123,-1.2678952177886083
LSUa:125,-0.5880292415473654
LSUa:126,-0.3303381053914101
LSUa:133,-0.1130825464514163
LSUa:134,0.00753883643009437
LSUa:140,-0.1000609198903443
LSUa:149,-0.08909533962838861
LSUa:150,-0.173393237892172
LSUa:153,-0.9169966494060309
LSUa:156,-0.6997410904660372
LSUa:161,-0.03975022844958888
LSUa:166,-0.37214438014011564
LSUa:171,6.75
LSUa:172,6.615671641791045
LSUa:175,-0.07607371306731636
LSUa:178,6.566326530612245
LSUa:179,6.198979591836736
LSUa:180,6.75
LSUa:183,6.38265306122449
LSUa:184,6.75
LSUa:185,6.75
LSUa:187,6.481343283582089
LSUa:188,6.75
LSUa:189,6.75
LSUa:190,6.38265306122449
LSUa:191,6.01530612244898
LSUa:192,-0.3694029850746271
LSUa:193,6.566326530612245
LSUa:194,6.434739567468777
LSUa:195,6.75
LSUa:196,6.75
LSUa:199,-0.3419890344197378
LSUa:203,6.75
LSUa:204,6.75
LSUa:205,6.75
LSUa:209,6.004340542187024
LSUa:210,6.75
LSUa:212,6.28738958269875
LSUa:216,6.0139354249162364
LSUa:221,6.48134328358209
LSUa:222,6.75
LSUa:230,6.75
LSUa:231,6.75
LSUa:232,6.75
LSUa:233,6.75
LSUa:235,-0.5092141334145598
LSUa:237,6.303152604325311
LSUa:238,6.437480962534267
LSUa:239,6.75
LSUa:240,6.75
LSUa:243,6.38265306122449
LSUa:244,6.566326530612245
LSUa:245,6.75
LSUa:249,6.649253731343284
LSUa:254,6.75
LSUa:255,6.566326530612245
LSUa:266,-0.23575997563204376
LSUa:270,-0.006853487663722116
LSUa:271,-0.3659762412427658
LSUa:288,-0.5667834297898264
LSUa:290,-0.1857295156868718
LSUa:297,-0.058939993908010746
LSUa:306,-0.05482790130977799
LSUa:307,-1.0170575692963753
LSUa:308,-0.7648492232713984
LSUa:309,-0.23575997563204382
LSUa:310,-0.14803533353639975
LSUa:320,-0.13021626561072186
LSUa:321,-0.16105696009747178
LSUa:322,-0.5640420347243373
LSUa:323,-0.080871154431922
LSUa:324,-0.2618032287541881
LSUa:325,-0.04797441364605548
LSUa:326,-0.1788760280231495
LSUa:330,0.0020560462991165915
LSUa:333,-1.078053609503503
LSUa:336,-0.08566859579652757
LSUa:338,6.75
LSUa:339,6.01530612244898
LSUa:343,-0.06236673773987211
LSUa:346,6.48134328358209
LSUa:350,6.615671641791045
LSUa:362,6.75
LSUa:367,6.615671641791045
LSUa:368,6.75
LSUa:370,6.615671641791045
LSUa:372,6.615671641791045
LSUa:375,6.615671641791045
LSUa:379,6.75
LSUa:380,6.566326530612245
LSUa:384,-0.8936947913493756
LSUa:386,-0.4818001827596711
LSUa:387,-0.44616204690831573
LSUa:389,-0.5092141334145597
LSUa:392,-0.22136765153822735
LSUa:393,-0.19943649101431618
LSUa:396,-0.39339019189765456
LSUa:403,-0.4303990252817544
LSUa:404,-0.5565031982942432
LSUa:413,6.75
LSUa:414,6.38265306122449
LSUa:415,6.75
LSUa:416,6.566326530612245
LSUa:424,-1.8826530612244896
LSUa:426,-1.948446542796223
LSUa:427,6.01530612244898
LSUa:439,6.198979591836736
LSUa:440,6.75
LSUa:441,6.75
LSUa:452,6.004340542187024
LSUa:456,-1.8634632957660677
LSUa:462,6.566326530612245
LSUa:463,6.75
LSUa:466,6.566326530612245
LSUa:467,6.75
LSUa:468,6.615671641791045
LSUa:469,6.566326530612245
LSUa:472,6.75
LSUa:475,-0.437937861711849
LSUa:477,-0.32896740785866585
LSUa:478,-1.4090770636612857
LSUa:480,-1.712686567164179
LSUa:483,6.615671641791045
LSUa:484,6.75
LSUa:485,6.615671641791044
LSUa:486,6.75
LSUa:487,6.75
LSUa:488,6.75
LSUa:489,6.75
LSUa:491,6.198979591836736
LSUa:493,6.75
LSUa:495,-0.8183064270484314
LSUa:496,6.382653061224489
LSUa:497,6.75
LSUa:498,6.75
LSUa:499,6.75
LSUa:502,6.75
LSUa:504,6.481343283582089
LSUa:505,6.75
LSUa:508,6.434739567468778
LSUa:509,6.75
LSUa:510,6.75
LSUa:512,6.01530612244898
LSUa:513,-1.5290130977764238
LSUa:515,6.615671641791045
LSUa:516,6.38265306122449
LSUa:517,6.615671641791045
LSUa:518,6.75
LSUa:519,6.75
LSUa:520,6.75
LSUa:522,6.566326530612245
LSUa:524,6.13592750533049
LSUa:533,6.13592750533049
LSUa:535,-0.9485226926591535
LSUa:536,6.38265306122449
LSUa:537,6.287389582698751
LSUa:540,6.615671641791045
LSUa:541,-1.2082698751142247
LSUa:542,6.615671641791045
LSUa:543,6.75
LSUa:545,-1.7236521474261346
LSUa:546,6.081784952787085
LSUa:548,6.75
LSUa:549,6.566326530612245
LSUa:550,6.75
LSUa:551,6.75
LSUa:552,6.305893999390801
LSUa:556,-0.8189917758148034
LSUa:560,-1.6989795918367345
LSUa:563,6.253807493146512
LSUa:566,-1.5153061224489797
LSUa:567,-0.19943649101431626
LSUa:568,0.0006853487663722735
LSUa:569,-0.8484617727688091
LSUa:571,-0.8745050258909536
LSUa:574,-0.2268504416692052
LSUa:575,-1.463219616204691
LSUa:576,6.566326530612245
LSUa:581,-0.41806274748705463
LSUa:612,-0.10965580261955532
LSUa:645,6.566326530612245
LSUa:646,-2.1677581480353334
LSUa:647,-0.6654736521474263
LSUa:650,-1.249390801096558
LSUa:653,6.75
LSUa:654,-0.20491928114529379
LSUa:656,-2.241775814803533
LSUa:657,6.75
LSUa:659,6.198979591836736
LSUa:661,6.75
LSUa:662,-0.054142552543405505
LSUa:663,6.615671641791045
LSUa:664,-0.7998020103563817
LSUa:666,6.75
LSUa:667,-1.7647730734084681
LSUa:672,6.38265306122449
LSUa:675,-2.126637222053
LSUa:676,6.75
LSUa:677,6.75
LSUa:679,6.01530612244898
LSUa:681,-1.8716874809625343
LSUa:682,-0.9807340846786478
LSUa:683,-0.5578738958269877
LSUa:686,0.006168138897349962
LSUa:687,-0.07059092293633895
LSUa:691,6.566326530612245
LSUa:692,6.437480962534267
LSUa:695,6.75
LSUa:698,6.75
LSUa:699,6.75
LSUa:700,6.75
LSUa:703,-0.058939993908010954
LSUa:706,-0.0719616204690833
LSUa:708,0.01302162656107226
LSUa:712,-0.16448370392933293
LSUa:715,6.434739567468778
LSUa:717,6.38265306122449
LSUa:720,6.75
LSUa:723,6.75
LSUa:724,6.75
LSUa:726,6.75
LSUa:727,6.75
LSUa:728,6.75
LSUa:729,6.615671641791045
LSUa:731,6.75
LSUa:770,-0.9642857142857144
LSUa:772,-2.241775814803533
LSUa:773,-1.9868260737130672
LSUa:774,-1.3097014925373134
LSUa:779,-0.026728601888516786
LSUa:782,6.566326530612245
LSUa:783,6.198979591836736
LSUa:786,-0.5434815717331708
LSUa:787,0.015077672860188795
LSUa:788,6.347014925373134
LSUa:789,6.437480962534267
LSUa:792,-0.24878160219311596
LSUa:798,-0.9121992080414254
LSUa:799,-0.4626104173012489
LSUa:800,-1.8716874809625343
LSUa:804,6.38265306122449
LSUa:807,6.615671641791045
LSUa:808,6.75
LSUa:809,6.615671641791045
LSUa:811,6.566326530612245
LSUa:817,6.75
LSUa:818,6.75
LSUa:820,6.75
LSUa:821,6.566326530612245
LSUa:822,6.566326530612245
LSUa:824,-0.17750533049040518
LSUa:825,6.347014925373134
LSUa:826,-1.6085135546756013
LSUa:828,6.38265306122449
LSUa:832,6.382653061224489
LSUa:834,6.481343283582089
LSUa:837,6.615671641791045
LSUa:838,6.75
LSUa:839,6.75
LSUa:840,6.050944258300335
LSUa:842,-0.6079043557721595
LSUa:846,-0.9512640877246419
LSUa:847,-1.7908163265306123
LSUa:850,-0.9067164179104477
LSUa:851,-2.0306883947608894
LSUa:854,-0.24055741699664934
LSUa:855,-0.9725098994821813
LSUa:857,6.481343283582089
LSUa:858,6.75
LSUa:859,6.615671641791045
LSUa:860,6.75
LSUa:861,6.01530612244898
LSUa:862,6.75
LSUa:864,6.30863539445629
LSUa:866,6.164026804751751
LSUa:869,6.01530612244898
LSUa:870,-1.1644075540664025
LSUa:876,-0.40024367956137685
LSUa:878,-0.6085897045385318
LSUa:879,-0.8909533962838866
LSUa:880,-1.7764240024367954
LSUa:881,-1.6503198294243073
LSUa:882,5.998172403289673
LSUa:884,-1.041044776119403
LSUa:885,6.01530612244898
LSUa:886,6.256548888212001
LSUa:888,-0.9649710630520865
LSUa:889,-0.4900243679561377
LSUa:891,-0.4242308863844045
LSUa:895,-0.8025434054218703
LSUa:896,-0.41326530612244894
LSUa:897,6.75
LSUa:898,6.38265306122449
LSUa:899,6.75
LSUa:904,-1.6085135546756013
LSUa:905,6.75
LSUa:906,-0.09800487359122734
LSUa:908,6.434739567468778
LSUa:910,6.75
LSUa:913,6.615671641791045
LSUa:916,6.75
LSUa:917,6.437480962534267
LSUa:918,6.75
LSUa:924,6.566326530612245
LSUa:926,6.75
LSUa:927,-0.34198903441973816
LSUa:928,6.566326530612245
LSUa:934,6.566326530612245
LSUa:935,-0.585973195248249
LSUa:940,6.3086353944562905
LSUa:941,6.75
LSUa:944,6.566326530612245
LSUa:945,6.75
LSUa:946,6.03997867803838
LSUa:947,6.566326530612245
LSUa:948,-1.6989795918367347
LSUa:952,6.75
LSUa:953,6.198979591836736
LSUa:954,6.75
LSUa:955,6.01530612244898
LSUa:957,-0.185729515686872
LSUa:958,-0.22410904660371603
LSUa:960,-0.5174383186110266
LSUa:962,-1.9402223575997561
LSUa:963,-0.18298812062138292
LSUa:964,-0.11993603411513853
LSUa:965,-2.1156716417910446
LSUa:966,6.649253731343284
LSUa:967,-0.5003045994517211
LSUa:969,-0.29469996954005495
LSUa:970,-0.11445324398416101
LSUa:977,-0.48728297289064887
LSUa:978,-1.0958726774291807
LSUa:979,-0.16928114529393862
LSUa:982,-0.33445019798964354
LSUa:983,-0.7778708498324703
LSUa:986,-1.0547517514468476
LSUa:988,-0.026728601888516605
LSUa:989,-0.1966950959488274
LSUa:990,-0.6599908620164484
LSUa:991,-1.8442735303076452
LSUa:995,6.75
LSUa:996,6.75
LSUa:997,6.75
LSUa:999,6.253807493146512
LSUa:1000,6.75
LSUa:1002,6.615671641791045
LSUa:1003,6.566326530612245
LSUa:1012,-0.9951264087724642
LSUa:1014,-1.1650929028327752
LSUa:1016,-1.2720073103868412
LSUa:1017,-1.3871459031373745
LSUa:1021,-0.23575997563204373
LSUa:1024,-0.273454157782516
LSUa:1026,-0.6037922631739264
LSUa:1030,-0.2755102040816327
LSUa:1034,-1.7483247030155344
LSUa:1035,-0.7340085287846483
LSUa:1036,-1.3227231190983857
LSUa:1046,6.75
LSUa:1047,6.75
LSUa:1048,6.75
LSUa:1049,6.253807493146512
LSUa:1053,6.75
LSUa:1054,6.75
LSUa:1055,-0.9916996649406032
LSUa:1056,-1.811376789521779
LSUa:1058,-1.046527566250381
LSUa:1059,-0.8416082851050869
LSUa:1060,-0.18847091075236067
LSUa:1061,-0.2844197380444716
LSUa:1063,-0.6908315565031983
LSUa:1064,-1.184282668291197
LSUa:1065,-1.158924763935425
LSUa:1066,-1.4138745050258907
LSUa:1072,-0.2844197380444717
LSUa:1073,-1.2137526652452024
LSUa:1074,-0.32279926896131594
LSUa:1079,6.061224489795919
LSUa:1083,-0.5969387755102041
LSUa:1085,-1.3014773073408463
LSUa:1086,-0.09800487359122756
LSUa:1087,-0.40229972586049356
LSUa:1088,-0.4735759975632041
LSUa:1089,-0.07059092293633906
LSUa:1091,6.198979591836736
LSUa:1092,-0.20491928114529406
LSUa:1094,6.253807493146512
LSUa:1095,6.75
LSUa:1096,6.75
LSUa:1101,-0.21862625647273848
LSUa:1102,-0.6874048126713374
LSUa:1103,-0.1117118489186721
LSUa:1105,-1.4440298507462686
LSUa:1110,6.615671641791045
LSUa:1112,6.198979591836736
LSUa:1113,6.03997867803838
LSUa:1116,6.253807493146512
LSUa:1118,6.75
LSUa:1120,6.171565641181846
LSUa:1121,6.072875418824247
LSUa:1124,6.171565641181846
LSUa:1129,-1.3206670727992686
LSUa:1130,-0.7998020103563814
LSUa:1132,-1.8470149253731343
LSUa:1133,6.75
LSUa:1134,6.75
LSUa:1135,6.75
LSUa:1136,6.01530612244898
LSUa:1137,6.75
LSUa:1139,6.75
LSUa:1140,6.38265306122449
LSUa:1141,6.75
LSUa:1144,6.75
LSUa:1147,-0.3481571733170879
LSUa:1148,-0.40983856229058774
LSUa:1149,-0.4077825159914713
LSUa:1153,6.468321657021017
LSUa:1155,6.75
LSUa:1156,6.566326530612245
LSUa:1157,6.566326530612245
LSUa:1159,-1.8196009747182456
LSUa:1160,-0.27962229667986593
LSUa:1167,6.428571428571428
LSUa:1168,6.75
LSUa:1171,-1.136993603411514
LSUa:1172,-0.7970606152908928
LSUa:1173,6.75
LSUa:1174,6.75
LSUa:1175,-1.5536856533658239
LSUa:1176,-1.548202863234846
LSUa:1177,-1.1095796527566248
LSUa:1181,-0.8628540968626253
LSUa:1182,6.615671641791045
LSUa:1187,6.75
LSUa:1188,6.75
LSUa:1189,6.566326530612245
LSUa:1192,-0.8546299116661589
LSUa:1193,-1.2493908010965582
LSUa:1194,6.38265306122449
LSUa:1198,6.434739567468778
LSUa:1199,6.75
LSUa:1200,-0.41326530612244894
LSUa:1202,6.75
LSUa:1203,6.38265306122449
LSUa:1206,6.0783582089552235
LSUa:1209,6.615671641791045
LSUa:1210,6.566326530612245
LSUa:1211,6.01530612244898
LSUa:1212,6.38265306122449
LSUa:1213,6.566326530612245
LSUa:1214,6.75
LSUa:1216,6.75
LSUa:1218,6.566326530612245
LSUa:1223,6.75
LSUa:1224,6.75
LSUa:1227,6.75
LSUa:1230,6.01530612244898
LSUa:1232,6.615671641791045
LSUa:1233,6.566326530612245
LSUa:1234,6.75
LSUa:1235,6.566326530612245
LSUa:1237,6.75
LSUa:1239,6.01530612244898
LSUa:1240,6.198979591836736
LSUa:1242,6.75
LSUa:1243,6.38265306122449
LSUa:1244,-0.7531982942430705
LSUa:1245,-0.8655954919281144
LSUa:1248,6.0810996040207135
LSUa:1250,6.75
LSUa:1251,6.615671641791045
LSUa:1252,-1.1123210478221142
LSUa:1253,-0.5146969235455376
LSUa:1254,-0.35775205604629917
LSUa:1256,-1.1698903441973805
LSUa:1257,-1.550944258300335
LSUa:1258,-1.26858056655498
LSUa:1259,6.75
LSUa:1260,6.75
LSUa:1261,-0.2953853183064272
LSUa:1265,6.075616813889736
LSUa:1268,6.75
LSUa:1270,-1.0252817544928419
LSUa:1271,-0.8073408467864756
LSUa:1274,6.474489795918367
LSUa:1275,6.38265306122449
LSUa:1276,6.75
LSUa:1279,6.198979591836736
LSUa:1281,6.75
LSUa:1282,6.75
LSUa:1286,-0.2734541577825159
LSUa:1287,-0.6270941212305818
LSUa:1288,-0.5366280840694487
LSUa:1291,6.75
LSUa:1292,6.01530612244898
LSUa:1293,6.75
LSUa:1294,6.75
LSUa:1295,-2.0690679256777336
LSUa:1296,-1.8470149253731343
LSUa:1298,-1.041044776119403
LSUa:1299,-1.4248400852878467
LSUa:1304,-1.7215961011270178
LSUa:1305,-0.5208650624428877
LSUa:1306,-1.000609198903442
LSUa:1307,-0.723728297289065
LSUa:1308,-0.18093207432226627
LSUa:1309,-0.3591227535790436
LSUa:1310,-0.04660371611331114
LSUa:1321,-0.30566554980201033
LSUa:1324,-0.5928266829119709
LSUa:1326,-0.4146360036551932
LSUa:1327,-0.5051020408163266
LSUa:1330,6.253807493146512
LSUa:1331,6.75
LSUa:1332,6.75
LSUa:1333,6.75
LSUa:1337,-1.6989795918367347
LSUa:1338,6.566326530612245
LSUa:1339,6.75
LSUa:1347,-0.7065945781297593
LSUa:1349,-0.10074626865671643
LSUa:1352,-1.131510813280536
LSUa:1353,-0.6956289978678039
LSUa:1354,6.130444715199512
LSUa:1355,6.615671641791045
LSUa:1356,6.437480962534267
LSUa:1357,6.566326530612245
LSUa:1362,-0.1747639354249161
LSUa:1365,6.615671641791045
LSUa:1368,6.75
LSUa:1371,-0.46261041730124897
LSUa:1373,-0.3365062442887601
LSUa:1376,6.75
LSUa:1377,6.75
LSUa:1378,6.434739567468777
LSUa:1379,6.615671641791045
LSUa:1381,-0.5037313432835822
LSUa:1382,-0.22410904660371617
LSUa:1383,-0.48180018275967085
LSUa:1390,-0.05414255254340539
LSUa:1392,6.75
LSUa:1396,6.75
LSUa:1397,6.75
LSUa:1398,-2.126637222053
LSUa:1401,6.38265306122449
LSUa:1405,-1.6989795918367347
LSUa:1406,-1.6989795918367347
LSUa:1407,6.75
LSUa:1408,6.75
LSUa:1409,6.75
LSUa:1410,6.75
LSUa:1413,-2.25
LSUa:1414,-1.873743527261651
LSUa:1415,-0.8292720073103867
LSUa:1419,-0.3995583307950047
LSUa:1420,-0.6435424916235151
LSUa:1424,6.75
LSUa:1425,6.347014925373134
LSUa:1426,6.38265306122449
LSUa:1429,6.615671641791045
LSUa:1432,6.75
LSUa:1436,-0.6051629607066707
LSUa:1437,-0.1583155650319831
LSUa:1440,6.566326530612245
LSUa:1441,6.615671641791045
LSUa:1444,6.0783582089552235
LSUa:1447,-1.4906335668595798
LSUa:1448,-1.7592902832774904
LSUa:1451,6.75
LSUa:1452,6.38265306122449
LSUa:1453,6.75
LSUa:1455,6.75
LSUa:1456,6.615671641791045
LSUa:1458,6.382653061224489
LSUa:1460,-1.507081937252513
LSUa:1461,-0.3036095035028936
LSUa:1466,-1.3288912579957355
LSUa:1467,6.198979591836736
LSUa:1472,6.75
LSUa:1473,6.198979591836736
LSUa:1474,-1.5392933292720072
LSUa:1477,-0.35021321961620455
LSUa:1478,-1.4741851964666464
LSUa:1480,6.38265306122449
LSUa:1482,6.566326530612245
LSUa:1483,6.434739567468778
LSUa:1485,6.75
LSUa:1486,6.566326530612245
LSUa:1488,6.75
LSUa:1489,6.347014925373134
LSUa:1491,-0.969768504416692
LSUa:1492,6.75
LSUa:1493,6.615671641791045
LSUa:1494,6.615671641791045
LSUa:1495,6.615671641791045
LSUa:1496,6.615671641791045
LSUa:1501,-0.3885927505330493
LSUa:1503,-0.6017362168748095
LSUa:1505,-0.43451111787998764
LSUa:1506,-2.115671641791045
LSUa:1507,6.207889125799573
LSUa:1509,-1.084221748400853
LSUa:1510,0.00959488272921092
LSUa:1511,-0.08361254949741115
LSUa:1513,-1.197304294852269
LSUa:1515,-0.5969387755102038
LSUa:1516,-0.739491318915626
LSUa:1517,-1.4364910143161742
LSUa:1522,6.75
LSUa:1523,-1.9868260737130674
LSUa:1525,6.75
LSUa:1526,6.75
LSUa:1529,6.566326530612245
LSUa:1534,6.177048431312824
LSUa:1535,6.75
LSUa:1538,6.615671641791045
LSUa:1540,6.75
LSUa:1541,6.130444715199513
LSUa:1542,6.75
LSUa:1543,6.177048431312824
LSUa:1549,6.75
LSUa:1552,-0.06305208650624432
LSUa:1554,-0.1370697532744441
LSUa:1556,-0.33445019798964354
LSUa:1557,-0.2576911361559549
LSUa:1578,-0.8004873591227539
LSUa:1579,-0.08498324703015547
LSUa:1581,-0.02193116052391103
LSUa:1582,-0.5818611026500151
LSUa:1583,-0.17819067925677745
LSUa:1584,-1.2254035942735304
LSUa:1585,-1.3103868413036857
LSUa:1587,6.075616813889735
LSUa:1589,5.957736826073713
LSUa:1591,-1.0547517514468474
LSUa:1593,-0.6956289978678041
LSUa:1594,-0.665473652147426
LSUa:1599,-0.9588029241547366
LSUa:1600,-1.5653365823941519
LSUa:1608,-0.9697685044166919
LSUa:1615,-1.2548735912275357
LSUa:1616,-1.698979591836735
LSUa:1620,-0.1912123058178497
LSUa:1628,-0.7484008528784647
LSUa:1631,-0.17270788912579962
LSUa:1632,-1.0636612854096865
LSUa:1633,-1.611940298507463
LSUa:1635,-0.1788760280231496
LSUa:1636,-0.25015229972586056
LSUa:1637,-0.4303990252817545
LSUa:1638,-1.236369174535486
LSUa:1645,-0.09937557112397186
LSUa:1646,-1.125342674383186
LSUa:1647,-1.3439689308559246
LSUa:1648,-1.749695400548279
LSUa:1649,-1.6071428571428572
LSUa:1650,-1.7798507462686566
LSUa:1654,-1.6235912275357907
LSUa:1655,-1.352193116052391
LSUa:1656,-1.4179865976241244
LSUa:1658,-0.4811148339932989
LSUa:1659,-0.2069753274444105
LSUa:1660,-0.5708955223880595
LSUa:1661,-1.0698294243070363
LSUa:1663,-0.462610417301249
LSUa:1664,-0.4386232104782211
LSUa:1668,-0.5928266829119708
LSUa:1677,-0.7627931769722814
LSUa:1684,-0.2693420651842828
LSUa:1690,-0.06031069144075557
LSUa:1691,-0.016448370392933287
LSUa:1696,-0.004797441364605595
LSUa:1698,-0.3618641486445323
LSUa:1699,-1.0273378007919587
LSUa:1700,-1.236369174535486
LSUa:1705,0.0171337191593054
LSUa:1707,-0.28236369174535475
LSUa:1708,-0.3173164788303382
LSUa:1711,-0.15351812366737747
LSUa:1715,-1.0574931465123363
LSUa:1719,6.01530612244898
LSUa:1721,-2.25
LSUa:1722,6.179789826378313
LSUa:1724,6.566326530612245
LSUa:1725,6.75
LSUa:1726,6.198979591836736
LSUa:1727,-1.6667681998172401
LSUa:1728,-1.1404203472433752
LSUa:1729,-0.8004873591227537
LSUa:1730,-1.187024063356686
LSUa:1731,-0.8066554980201037
LSUa:1732,-0.639430399025282
LSUa:1733,-0.09320743222662206
LSUa:1735,-0.09526347852573852
LSUa:1736,-0.3543253122144382
LSUa:1742,-0.20834602497715504
LSUa:1747,-0.3070362473347549
LSUa:1748,-0.11719463904964966
LSUa:1749,-0.6846634176058484
LSUa:1750,-0.21588486140724938
LSUa:1756,6.347014925373134
LSUa:1757,6.75
LSUa:1758,6.75
LSUa:1759,6.615671641791045
LSUa:1760,6.75
LSUa:1761,6.212686567164179
LSUa:1763,-1.9477611940298507
LSUa:1764,-2.023149558330795
LSUa:1765,6.566326530612245
LSUa:1767,6.75
LSUa:1769,6.0810996040207135
LSUa:1770,6.198979591836736
LSUa:1771,6.382653061224489
LSUa:1773,6.566326530612245
LSUa:1775,6.481343283582089
LSUa:1776,6.75
LSUa:1777,6.75
LSUa:1780,-1.1897654584221753
LSUa:1781,-2.0498781602193117
LSUa:1783,-1.2137526652452024
LSUa:1785,6.38265306122449
LSUa:1786,-0.9533201340237587
LSUa:1792,6.048202863234847
LSUa:1793,-1.5591684434968018
LSUa:1794,-1.0328205909229362
LSUa:1795,6.382653061224489
LSUa:1798,6.566326530612245
LSUa:1799,6.615671641791045
LSUa:1800,6.566326530612245
LSUa:1804,-0.6812366737739869
LSUa:1808,-0.9067164179104475
LSUa:1811,-0.0925220834602497
LSUa:1812,-0.5153822723119098
LSUa:1813,6.566326530612245
LSUa:1818,-0.5640420347243376
LSUa:1823,6.75
LSUa:1824,-2.25
LSUa:1825,6.75
LSUa:1826,6.75
LSUa:1827,6.75
LSUa:1828,6.75
LSUa:1830,6.75
LSUa:1833,6.566326530612245
LSUa:1834,6.75
LSUa:1835,6.198979591836736
LSUa:1836,6.75
LSUa:1839,6.514925373134329
LSUa:1846,6.75
LSUa:1847,6.75
LSUa:1848,6.615671641791045
LSUa:1851,6.437480962534267
LSUa:1852,6.75
LSUa:1854,6.75
LSUa:1857,6.615671641791045
LSUa:1859,6.75
LSUa:1860,6.01530612244898
LSUa:1867,6.468321657021017
LSUa:1870,-0.6216113310996041
LSUa:1873,-0.3502132196162049
LSUa:1880,-0.6072190070057875
LSUa:1881,-0.15488882120012182
LSUa:1882,-0.3173164788303381
LSUa:1883,-0.5469083155650322
LSUa:1884,-0.08155650319829426
LSUa:1886,-0.9231647883033809
LSUa:1887,-0.0678495278708498
LSUa:1889,6.75
LSUa:1894,6.75
LSUa:1902,6.01530612244898
LSUa:1907,-0.27071276271702704
LSUa:1908,-0.6325769113615596
LSUa:1909,-1.9539293329272005
LSUa:1912,6.75
LSUa:1913,6.615671641791045
LSUa:1914,6.615671641791045
LSUa:1915,6.566326530612245
LSUa:1916,6.75
LSUa:1918,6.382653061224489
LSUa:1919,6.75
LSUa:1920,-0.3748857752056045
LSUa:1922,6.615671641791045
LSUa:1925,6.615671641791045
LSUa:1926,6.615671641791045
LSUa:1927,6.566326530612245
LSUa:1928,6.566326530612245
LSUa:1930,6.75
LSUa:1931,6.347014925373134
LSUa:1935,-1.0986140724946696
LSUa:1938,6.75
LSUa:1939,6.566326530612245
LSUa:1941,6.566326530612245
LSUa:1942,-0.22959183673469385
LSUa:1944,-0.43519646664636036
LSUa:1946,6.615671641791045
LSUa:1948,6.437480962534267
LSUa:1949,6.75
LSUa:1951,-0.43519646664636036
LSUa:1953,-2.1622753579043557
LSUa:1954,-1.8415321352421568
LSUa:1955,0.008909533962838743
LSUa:1956,6.566326530612245
LSUa:1957,6.38265306122449
LSUa:1958,6.75
LSUa:1959,-0.22959183673469363
LSUa:1967,6.198979591836736
LSUa:1968,6.75
LSUa:1969,-0.45164483703929315
LSUa:1970,-0.547593664331404
LSUa:1971,6.566326530612245
LSUa:1972,6.437480962534267
LSUa:1973,6.75
LSUa:1974,6.75
LSUa:1977,6.75
LSUa:1978,-0.5859731952482485
LSUa:1980,6.566326530612245
LSUa:1981,6.38265306122449
LSUa:1985,6.615671641791045
LSUa:1986,-2.1238958269875114
LSUa:1988,-1.6304447151995123
LSUa:1990,6.566326530612245
LSUa:1991,-1.7099451720986902
LSUa:1992,6.75
LSUa:1993,6.615671641791045
LSUa:1994,-0.6901462077368261
LSUa:1995,-1.0931312823636918
LSUa:1996,-2.25
LSUa:1997,-1.5180475175144688
LSUa:1998,-1.2768047517514467
LSUa:2001,-0.559244593359732
LSUa:2002,-0.14186719463904973
LSUa:2003,-0.8882120012183978
LSUa:2005,-1.578358208955224
LSUa:2006,-0.6380597014925374
LSUa:2009,-1.7072037770332016
LSUa:2010,-1.9511879378617119
LSUa:2013,6.75
LSUa:2014,6.75
LSUa:2015,6.75
LSUa:2017,-1.4495126408772463
LSUa:2018,6.615671641791045
LSUa:2022,6.198979591836736
LSUa:2024,6.75
LSUa:2025,6.75
LSUa:2029,6.75
LSUa:2030,6.615671641791045
LSUa:2031,6.75
LSUa:2032,-2.082774901005178
LSUa:2033,-1.7072037770332011
LSUa:2034,6.437480962534267
LSUa:2035,6.75
LSUa:2036,6.75
LSUa:2037,6.75
LSUa:2038,6.75
LSUa:2039,6.253807493146512
LSUa:2041,6.75
LSUa:2042,-0.08155650319829433
LSUa:2043,6.75
LSUa:2044,6.437480962534267
LSUa:2045,-1.7072037770332011
LSUa:2046,-2.082774901005178
LSUa:2047,6.75
LSUa:2048,6.615671641791045
LSUa:2049,-2.25
LSUa:2050,6.01530612244898
LSUa:2051,6.75
LSUa:2052,6.75
LSUa:2053,6.75
LSUa:2054,6.75
LSUa:2055,6.75
LSUa:2056,6.75
LSUa:2057,6.75
LSUa:2058,6.566326530612245
LSUa:2061,6.566326530612245
LSUa:2063,6.75
LSUa:2064,-1.5207889125799572
LSUa:2065,6.75
LSUa:2066,6.75
LSUa:2067,6.75
LSUa:2068,6.198979591836736
LSUa:2069,6.75
LSUa:2071,6.75
LSUa:2072,5.957736826073713
LSUa:2075,6.253807493146512
LSUa:2077,6.75
LSUa:2079,6.382653061224489
LSUa:2082,6.078358208955224
LSUa:2083,6.75
LSUa:2085,6.75
LSUa:2086,-0.9642857142857143
LSUa:2088,6.428571428571428
LSUa:2089,6.566326530612245
LSUa:2090,6.428571428571428
LSUa:2091,-1.6420956442278405
LSUa:2092,6.566326530612245
LSUa:2093,6.75
LSUa:2094,6.75
LSUa:2096,6.437480962534267
LSUa:2097,6.566326530612245
LSUa:2098,-0.555817849527871
LSUa:2099,-0.4461620469083154
LSUa:2101,6.75
LSUa:2102,6.75
LSUa:2104,5.952254035942735
LSUa:2106,-1.9429637526652455
LSUa:2107,-0.6654736521474262
LSUa:2111,0.017133719159305283
LSUa:2114,6.434739567468778
LSUa:2115,6.75
LSUa:2116,6.75
LSUa:2117,6.75
LSUa:2118,6.75
LSUa:2119,-2.25
LSUa:2125,-0.7477155041120924
LSUa:2127,-0.02672860188851639
LSUa:2131,-0.9067164179104475
LSUa:2136,6.75
LSUa:2137,6.75
LSUa:2138,6.566326530612245
LSUa:2139,-0.8052848004873591
LSUa:2140,-0.5510204081632655
LSUa:2143,-1.6229058787694184
LSUa:2146,-0.2460402071276272
LSUa:2149,-0.7943192202254036
LSUa:2150,6.01530612244898
LSUa:2153,-0.16105696009747184
LSUa:2156,6.38265306122449
LSUa:2157,-1.874428876028023
LSUa:2159,6.566326530612245
LSUa:2160,-0.7751294547669814
LSUa:2163,-0.23507462686567165
LSUa:2164,-2.066326530612245
LSUa:2169,-2.25
LSUa:2174,-1.1726317392628691
LSUa:2178,-1.1479591836734695
LSUa:2180,-1.572875418824246
LSUa:2181,-2.066326530612245
LSUa:2182,6.434739567468778
LSUa:2183,6.566326530612245
LSUa:2184,6.75
LSUa:2186,6.75
LSUa:2187,6.75
LSUa:2188,6.75
LSUa:2194,6.75
LSUa:2197,6.75
LSUa:2198,6.75
LSUa:2200,6.75
LSUa:2201,6.75
LSUa:2205,6.75
LSUa:2209,6.01530612244898
LSUa:2211,-1.134252208346025
LSUa:2213,-1.8250837648492233
LSUa:2215,6.481343283582089
LSUa:2216,6.75
LSUa:2218,-0.36940298507462715
LSUa:2219,-0.0678495278708498
LSUa:2221,-1.0273378007919587
LSUa:2227,-0.4132653061224489
LSUa:2230,-0.49550715808711554
LSUa:2231,-0.1254188242461164
LSUa:2232,6.38265306122449
LSUa:2233,6.198979591836736
LSUa:2237,6.75
LSUa:2238,6.75
LSUa:2239,-0.5174383186110266
LSUa:2240,-0.9642857142857142
LSUa:2241,6.75
LSUa:2242,6.75
LSUa:2243,6.198979591836736
LSUa:2247,6.75
LSUa:2249,6.75
LSUa:2250,6.615671641791045
LSUa:2253,-0.966341760584831
LSUa:2257,5.969387755102041
LSUa:2261,0.012336277794700076
LSUa:2262,-0.03700883338409994
LSUa:2265,-0.5585592445933597
LSUa:2271,6.347014925373134
LSUa:2272,-0.2323332318001829
LSUa:2273,-0.26865671641791056
LSUa:2274,-0.09526347852573869
LSUa:2284,6.75
LSUa:2289,-1.0328205909229364
LSUa:2290,6.75
LSUa:2291,6.75
LSUa:2294,6.75
LSUa:2295,-0.9642857142857142
LSUa:2296,6.75
LSUa:2297,6.75
LSUa:2302,6.198979591836736
LSUa:2304,-0.03769418215047226
LSUa:2305,-0.6545080718854708
LSUa:2310,-0.21862625647273826
LSUa:2314,-1.2110112701797138
LSUa:2317,-0.7970606152908924
LSUa:2318,-0.15009137983551657
LSUa:2319,6.75
LSUa:2320,6.75
LSUa:2322,6.75
LSUa:2323,6.078358208955224
LSUa:2326,-0.19738044471519944
LSUa:2327,-0.004112092598233363
LSUa:2328,-0.09046603716113308
LSUa:2331,-0.8840999086201647
LSUa:2332,-0.2522083460249772
LSUa:2333,-0.19463904964971085
LSUa:2338,6.75
LSUa:2339,6.75
LSUa:2342,-1.8250837648492233
LSUa:2344,-1.1507005787389581
LSUa:2347,6.75
LSUa:2351,6.75
LSUa:2352,6.615671641791045
LSUa:2355,6.75
LSUa:2356,6.75
LSUa:2357,6.75
LSUa:2360,-1.1479591836734695
LSUa:2362,6.75
LSUa:2363,6.75
LSUa:2364,6.75
LSUa:2365,6.75
LSUa:2366,6.75
LSUa:2367,6.179789826378313
LSUa:2368,6.75
LSUa:2370,-0.7806122448979591
LSUa:2374,6.566326530612245
LSUa:2376,-0.22959183673469385
LSUa:2379,-1.8470149253731343
LSUa:2380,6.566326530612245
LSUa:2382,6.566326530612245
LSUa:2387,6.75
LSUa:2388,-0.15557416996649387
LSUa:2389,6.75
LSUa:2392,-0.41326530612244894
LSUa:2394,6.566326530612245
LSUa:2399,6.347014925373134
LSUa:2401,6.75
LSUa:2403,6.566326530612245
LSUa:2406,-0.2597471824550717
LSUa:2407,-0.5941973804447149
LSUa:2409,6.0810996040207135
LSUa:2410,6.75
LSUa:2416,-1.789445628997868
LSUa:2421,-0.333764849223271
LSUa:2422,6.75
LSUa:2428,-1.8559244593359732
LSUa:2436,6.481343283582089
LSUa:2437,6.75
LSUa:2441,6.75
LSUa:2442,6.615671641791045
LSUa:2443,-0.7148187633262262
LSUa:2447,6.75
LSUa:2448,-0.15283277490100491
LSUa:2449,6.75
LSUa:2450,6.198979591836736
LSUa:2451,6.25929028327749
LSUa:2453,-0.5941973804447149
LSUa:2454,-0.14460858970453866
LSUa:2455,6.75
LSUa:2458,6.75
LSUa:2460,6.75
LSUa:2461,6.198979591836736
LSUa:2464,-1.0574931465123363
LSUa:2466,-1.3316326530612244
LSUa:2467,-2.066326530612245
LSUa:2468,-1.5125647273834906
LSUa:2471,-0.5695248248553152
LSUa:2480,-1.501599147121535
LSUa:2481,-2.066326530612245
LSUa:2483,-2.2006548888212007
LSUa:2487,6.38265306122449
LSUa:2492,6.566326530612245
LSUa:2493,6.75
LSUa:2494,6.566326530612245
LSUa:2495,6.566326530612245
LSUa:2500,6.347014925373134
LSUa:2503,-0.7148187633262262
LSUa:2504,6.615671641791045
LSUa:2505,6.75
LSUa:2507,-2.25
LSUa:2508,6.75
LSUa:2509,6.566326530612245
LSUa:2510,-0.7915778251599146
LSUa:2511,6.75
LSUa:2513,-2.0252056046299116
LSUa:2514,-2.0032744441060006
LSUa:2517,-1.7702558635394454
LSUa:2518,-2.0204081632653064
LSUa:2522,-1.3645293938470908
LSUa:2524,-1.9840846786475785
LSUa:2528,-2.0690679256777336
LSUa:2529,-1.9045842217484008
LSUa:2533,-0.4187480962534267
LSUa:2535,-1.3693268352116967
LSUa:2536,-1.2987359122753577
LSUa:2537,-2.162275357904355
LSUa:2539,-0.295385318306427
LSUa:2540,-2.25
LSUa:2541,-0.5092141334145599
LSUa:2542,-1.5153061224489794
LSUa:2545,-1.5810996040207128
LSUa:2546,6.25929028327749
LSUa:2547,6.566326530612245
LSUa:2548,-2.25
LSUa:2549,6.75
LSUa:2550,6.75
LSUa:2552,-0.7038531830642707
LSUa:2553,6.75
LSUa:2554,6.75
LSUa:2555,6.75
LSUa:2560,6.75
LSUa:2561,6.75
LSUa:2562,6.198979591836736
LSUa:2564,6.75
LSUa:2565,6.75
LSUa:2566,6.75
LSUa:2567,6.01530612244898
LSUa:2569,6.75
LSUa:2571,-0.9807340846786476
LSUa:2572,6.198979591836736
LSUa:2573,-1.3727535790435574
LSUa:2574,-1.9813432835820897
LSUa:2575,6.75
LSUa:2577,-1.2356838257691138
LSUa:2580,-1.1616661590009136
LSUa:2581,-2.25
LSUa:2582,6.01530612244898
LSUa:2584,6.566326530612245
LSUa:2585,6.38265306122449
LSUa:2586,6.347014925373134
LSUa:2587,6.75
LSUa:2590,6.75
LSUa:2593,6.75
LSUa:2594,6.347014925373134
LSUa:2595,6.38265306122449
LSUa:2596,6.75
LSUa:2597,6.179789826378313
LSUa:2598,6.75
LSUa:2599,-2.25
LSUa:2600,-1.2740633566859578
LSUa:2603,-1.1698903441973802
LSUa:2605,6.75
LSUa:2607,6.75
LSUa:2608,6.481343283582089
LSUa:2609,6.75
LSUa:2610,-0.9807340846786476
LSUa:2611,-2.25
LSUa:2613,6.75
LSUa:2615,6.01530612244898
LSUa:2616,6.198979591836736
LSUa:2617,6.615671641791044
LSUa:2618,6.38265306122449
LSUa:2619,6.01530612244898
LSUa:2620,6.75
LSUa:2621,6.75
LSUa:2622,6.75
LSUa:2623,6.75
LSUa:2626,6.566326530612245
LSUa:2628,-2.25
LSUa:2631,-1.926515382272312
LSUa:2633,6.566326530612245
LSUa:2635,6.75
LSUa:2636,6.38265306122449
LSUa:2637,6.75
LSUa:2638,6.437480962534267
LSUa:2640,-0.07059092293633884
LSUa:2642,-0.16105696009747184
LSUa:2644,6.75
LSUa:2645,-2.1156716417910446
LSUa:2646,6.75
LSUa:2651,-0.3419890344197378
LSUa:2652,-1.6989795918367347
LSUa:2653,-0.4269722814498933
LSUa:2655,6.256548888212001
LSUa:2656,6.566326530612245
LSUa:2657,6.75
LSUa:2658,6.75
LSUa:2659,6.38265306122449
LSUa:2660,6.75
LSUa:2661,6.75
LSUa:2662,-1.9868260737130674
LSUa:2663,-0.37214438014011564
LSUa:2664,6.75
LSUa:2665,6.75
LSUa:2667,6.75
LSUa:2668,6.75
LSUa:2671,6.75
LSUa:2673,6.75
LSUa:2674,6.75
LSUa:2675,-0.37214438014011564
LSUa:2677,6.75
LSUa:2678,6.615671641791045
LSUa:2679,6.75
LSUa:2680,6.75
LSUa:2681,6.38265306122449
LSUa:2683,-1.926515382272312
LSUa:2685,6.434739567468778
LSUa:2686,-2.25
LSUa:2688,6.75
LSUa:2691,6.75
LSUa:2692,6.75
LSUa:2693,6.75
LSUa:2695,6.75
LSUa:2696,6.75
LSUa:2697,6.75
LSUa:2698,6.75
LSUa:2699,6.75
LSUa:2700,6.75
LSUa:2702,6.75
LSUa:2704,6.01530612244898
LSUa:2705,-0.8518885166006699
LSUa:2706,6.75
LSUa:2707,6.75
LSUa:2708,6.01530612244898
LSUa:2709,6.38265306122449
LSUa:2710,6.75
LSUa:2712,6.75
LSUa:2713,6.75
LSUa:2714,6.75
LSUa:2716,6.75
LSUa:2717,6.75
LSUa:2718,6.612244897959184
LSUa:2719,-0.8518885166006699
LSUa:2720,6.01530612244898
LSUa:2722,6.566326530612245
LSUa:2723,6.75
LSUa:2726,-1.7318763326226012
LSUa:2728,6.75
LSUa:2737,-2.25
LSUa:2741,-0.5037313432835819
LSUa:2742,6.75
LSUa:2748,-0.9067164179104479
LSUa:2751,-0.45164483703929337
LSUa:2752,6.75
LSUa:2753,6.75
LSUa:2762,-1.509823332318002
LSUa:2770,6.434739567468778
LSUa:2771,6.75
LSUa:2772,6.75
LSUa:2773,6.75
LSUa:2774,6.75
LSUa:2775,6.75
LSUa:2776,6.75
LSUa:2778,6.75
LSUa:2779,6.75
LSUa:2780,6.75
LSUa:2781,6.75
LSUa:2782,-2.25
LSUa:2783,6.615671641791045
LSUa:2788,-0.4242308863844041
LSUa:2790,-1.224718245507158
LSUa:2791,-2.2308102345415777
LSUa:2792,-1.9402223575997566
LSUa:2794,-0.531145293938471
LSUa:2795,-0.8518885166006704
LSUa:2797,6.75
LSUa:2800,6.198979591836736
LSUa:2802,6.615671641791045
LSUa:2803,6.75
LSUa:2810,6.75
LSUa:2812,6.012564727383491
LSUa:2814,6.615671641791045
LSUa:2818,-2.066326530612245
LSUa:2823,6.75
LSUa:2828,6.566326530612245
LSUa:2829,6.75
LSUa:2834,-0.04591836734693855
LSUa:2836,6.48134328358209
LSUa:2837,6.615671641791045
LSUa:2839,6.198979591836736
LSUa:2840,-0.28167834297898275
LSUa:2842,-0.8518885166006704
LSUa:2843,-0.5037313432835822
LSUa:2845,-2.011498629302468
LSUa:2846,-1.5207889125799574
LSUa:2852,6.75
LSUa:2853,6.75
LSUa:2854,6.75
LSUa:2856,-0.0815565031982941
LSUa:2858,6.615671641791045
LSUa:2859,6.75
LSUa:2860,6.75
LSUa:2861,6.75
LSUa:2862,6.75
LSUa:2864,6.75
LSUa:2865,6.75
LSUa:2866,6.75
LSUa:2867,6.75
LSUa:2868,6.347014925373134
LSUa:2869,6.566326530612245
LSUa:2870,6.75
LSUa:2871,6.566326530612245
LSUa:2872,6.615671641791045
LSUa:2874,-0.10897045385318282
LSUa:2876,6.615671641791045
LSUa:2877,6.75
LSUa:2878,6.38265306122449
LSUa:2883,-0.09594882729211096
LSUa:2888,-0.03289674078586691
LSUa:2889,6.612244897959184
LSUa:2890,-0.6168138897349983
LSUa:2891,6.612244897959184
LSUa:2892,-1.3144989339019189
LSUa:2897,-0.3152604325312216
LSUa:2898,-0.7072799268961316
LSUa:2899,-0.5510204081632654
LSUa:2902,-1.6064575083764852
LSUa:2953,-0.7593664331404204
LSUa:2955,-0.3282820590922937
LSUa:2956,-0.013021626561072308
LSUa:2958,-0.28441973804447157
LSUa:2959,6.75
LSUa:2961,6.615671641791045
LSUa:2962,-1.1753731343283582
LSUa:2964,6.75
LSUa:2967,-0.252208346024977
LSUa:2970,6.566326530612245
LSUa:2973,5.970758452634785
LSUa:2974,6.299725860493451
LSUa:2976,6.38265306122449
LSUa:2978,-0.550335059396893
LSUa:2985,6.75
LSUa:2986,6.3058939993908005
LSUa:2988,6.198979591836736
LSUa:2994,-0.7998020103563812
LSUa:3008,-0.36597624124276573
LSUa:3014,-0.39613158696314354
LSUa:3015,6.75
LSUa:3016,6.75
LSUa:3018,-0.4955071580871153
LSUa:3019,-1.4131891562595185
LSUa:3020,-0.22616509290283293
LSUa:3024,-0.6188699360341152
LSUa:3027,6.38265306122449
LSUa:3029,6.615671641791045
LSUa:3030,6.75
LSUa:3040,-0.3563813585135548
LSUa:3041,-0.16242765763021638
LSUa:3042,-0.9389278099299423
LSUa:3045,-0.4722053000304599
LSUa:3047,-0.35912275357904355
