TWC signature threshold and STD -0.62,0.029
Residue,TWC
5S:15,-0.3246268656716417
5S:26,6.25
5S:34,6.75
5S:36,6.5
5S:39,6.1875
5S:40,6.75
5S:41,6.615671641791045
5S:43,6.615671641791045
5S:50,6.25
5S:53,6.75
5S:54,6.75
5S:59,-0.32835820895522394
5S:60,-0.26865671641791056
5S:66,-1.458955223880597
5S:67,-0.6007462686567164
5S:69,-0.9962686567164178
5S:70,-0.5373134328358209
5S:79,6.615671641791045
5S:81,-0.2574626865671642
5S:84,-1.1809701492537314
5S:89,-0.5298507462686567
5S:95,-0.17910447761194034
5S:97,6.5
5S:103,-1.705223880597015
5S:104,-0.39925373134328357
5S:106,-0.746268656716418
5S:108,-0.0037313432835821003
5S:118,-0.6958955223880597
5S:119,-0.10074626865671643
23S:6,-0.2988120621382879
23S:8,-0.5044166920499544
23S:9,-0.4434206518428267
23S:12,-0.11993603411513859
23S:13,-1.4995431008224187
23S:15,-1.8387907401766679
23S:17,-1.5153061224489797
23S:21,-1.386460554371002
23S:24,6.179789826378313
23S:26,6.75
23S:28,6.75
23S:29,6.75
23S:31,-1.5262717027109352
23S:32,6.198979591836736
23S:33,6.179789826378313
23S:34,-0.8683368869936037
23S:35,6.75
23S:36,6.615671641791045
23S:38,-1.712686567164179
23S:40,-1.5153061224489797
23S:41,-0.28373438927809913
23S:49,6.649253731343284
23S:51,6.75
23S:52,6.75
23S:53,6.38265306122449
23S:54,6.212686567164179
23S:55,6.566326530612245
23S:57,6.434739567468778
23S:58,6.75
23S:66,6.347014925373134
23S:69,6.75
23S:70,6.434739567468778
23S:71,6.481343283582089
23S:73,6.75
23S:75,6.174307036247335
23S:78,-0.06510813280536093
23S:81,6.212686567164179
23S:84,6.615671641791045
23S:86,-0.02946999695400543
23S:88,6.481343283582089
23S:91,-0.8793024672555592
23S:96,-0.1857295156868719
23S:102,6.75
23S:104,6.212686567164179
23S:109,6.212686567164179
23S:111,6.75
23S:112,-0.1089704538531831
23S:114,6.566326530612245
23S:117,6.75
23S:118,6.649253731343284
23S:119,6.649253731343284
23S:122,6.336734693877551
23S:123,-1.2678952177886083
23S:125,-0.5880292415473654
23S:126,-0.3303381053914101
23S:133,-0.1130825464514163
23S:134,0.00753883643009437
23S:140,-0.1000609198903443
23S:149,-0.08909533962838861
23S:150,-0.173393237892172
23S:153,-0.9169966494060309
23S:156,-0.6997410904660372
23S:161,-0.03975022844958888
23S:166,-0.37214438014011564
23S:171,6.75
23S:172,6.615671641791045
23S:175,-0.07607371306731636
23S:178,6.566326530612245
23S:179,6.198979591836736
23S:180,6.75
23S:183,6.38265306122449
23S:184,6.75
23S:185,6.75
23S:187,6.481343283582089
23S:188,6.75
23S:189,6.75
23S:190,6.38265306122449
23S:192,-0.3694029850746271
23S:193,6.566326530612245
23S:194,6.434739567468777
23S:195,6.75
23S:196,6.75
23S:199,-0.3419890344197378
23S:203,6.75
23S:204,6.75
23S:205,6.75
23S:210,6.75
23S:212,6.28738958269875
23S:221,6.48134328358209
23S:222,6.75
23S:230,6.75
23S:231,6.75
23S:232,6.75
23S:233,6.75
23S:235,-0.5092141334145598
23S:237,6.303152604325311
23S:238,6.437480962534267
23S:239,6.75
23S:240,6.75
23S:243,6.38265306122449
23S:244,6.566326530612245
23S:245,6.75
23S:249,6.649253731343284
23S:254,6.75
23S:255,6.566326530612245
23S:266,-0.23575997563204376
23S:270,-0.006853487663722116
23S:271,-0.3659762412427658
23S:288,-0.5667834297898264
23S:289,0.047289064879683144
23S:290,-0.1857295156868718
23S:293,0.03358208955223896
23S:297,-0.058939993908010746
23S:306,-0.05482790130977799
23S:307,-1.0170575692963753
23S:308,-0.7648492232713984
23S:309,-0.23575997563204382
23S:310,-0.14803533353639975
23S:320,-0.13021626561072186
23S:321,-0.16105696009747178
23S:322,-0.5640420347243373
23S:323,-0.080871154431922
23S:324,-0.2618032287541881
23S:325,-0.04797441364605548
23S:326,-0.1788760280231495
23S:330,0.0020560462991165915
23S:333,-1.078053609503503
23S:336,-0.08566859579652757
23S:338,6.75
23S:343,-0.06236673773987211
23S:346,6.48134328358209
23S:350,6.615671641791045
23S:362,6.75
23S:367,6.615671641791045
23S:368,6.75
23S:370,6.615671641791045
23S:372,6.615671641791045
23S:375,6.615671641791045
23S:379,6.75
23S:380,6.566326530612245
23S:381,0.041806274748705456
23S:384,-0.8936947913493756
23S:386,-0.4818001827596711
23S:387,-0.44616204690831573
23S:388,0.02809929942126098
23S:389,-0.5092141334145597
23S:392,-0.22136765153822735
23S:393,-0.19943649101431618
23S:396,-0.39339019189765456
23S:403,-0.4303990252817544
23S:404,-0.5565031982942432
23S:413,6.75
23S:414,6.38265306122449
23S:415,6.75
23S:416,6.566326530612245
23S:424,-1.8826530612244896
23S:426,-1.948446542796223
23S:439,6.198979591836736
23S:440,6.75
23S:441,6.75
23S:456,-1.8634632957660677
23S:462,6.566326530612245
23S:463,6.75
23S:466,6.566326530612245
23S:467,6.75
23S:468,6.615671641791045
23S:469,6.566326530612245
23S:472,6.75
23S:475,-0.437937861711849
23S:477,-0.32896740785866585
23S:478,-1.4090770636612857
23S:480,-1.712686567164179
23S:483,6.615671641791045
23S:484,6.75
23S:485,6.615671641791044
23S:486,6.75
23S:487,6.75
23S:488,6.75
23S:489,6.75
23S:491,6.198979591836736
23S:493,6.75
23S:495,-0.8183064270484314
23S:496,6.382653061224489
23S:497,6.75
23S:498,6.75
23S:499,6.75
23S:502,6.75
23S:504,6.481343283582089
23S:505,6.75
23S:508,6.434739567468778
23S:509,6.75
23S:510,6.75
23S:513,-1.5290130977764238
23S:515,6.615671641791045
23S:516,6.38265306122449
23S:517,6.615671641791045
23S:518,6.75
23S:519,6.75
23S:520,6.75
23S:522,6.566326530612245
23S:524,6.13592750533049
23S:533,6.13592750533049
23S:535,-0.9485226926591535
23S:536,6.38265306122449
23S:537,6.287389582698751
23S:540,6.615671641791045
23S:541,-1.2082698751142247
23S:542,6.615671641791045
23S:543,6.75
23S:545,-1.7236521474261346
23S:548,6.75
23S:549,6.566326530612245
23S:550,6.75
23S:551,6.75
23S:552,6.305893999390801
23S:556,-0.8189917758148034
23S:560,-1.6989795918367345
23S:563,6.253807493146512
23S:566,-1.5153061224489797
23S:567,-0.19943649101431626
23S:568,0.0006853487663722735
23S:569,-0.8484617727688091
23S:571,-0.8745050258909536
23S:574,-0.2268504416692052
23S:575,-1.463219616204691
23S:576,6.566326530612245
23S:581,-0.41806274748705463
23S:612,-0.10965580261955532
23S:645,6.566326530612245
23S:646,-2.1677581480353334
23S:647,-0.6654736521474263
23S:650,-1.249390801096558
23S:653,6.75
23S:654,-0.20491928114529379
23S:656,-2.241775814803533
23S:657,6.75
23S:659,6.198979591836736
23S:661,6.75
23S:662,-0.054142552543405505
23S:663,6.615671641791045
23S:664,-0.7998020103563817
23S:666,6.75
23S:667,-1.7647730734084681
23S:672,6.38265306122449
23S:675,-2.126637222053
23S:676,6.75
23S:677,6.75
23S:681,-1.8716874809625343
23S:682,-0.9807340846786478
23S:683,-0.5578738958269877
23S:686,0.006168138897349962
23S:687,-0.07059092293633895
23S:691,6.566326530612245
23S:692,6.437480962534267
23S:695,6.75
23S:698,6.75
23S:699,6.75
23S:700,6.75
23S:703,-0.058939993908010954
23S:706,-0.0719616204690833
23S:708,0.01302162656107226
23S:712,-0.16448370392933293
23S:715,6.434739567468778
23S:717,6.38265306122449
23S:720,6.75
23S:723,6.75
23S:724,6.75
23S:726,6.75
23S:727,6.75
23S:728,6.75
23S:729,6.615671641791045
23S:731,6.75
23S:770,-0.9642857142857144
23S:772,-2.241775814803533
23S:773,-1.9868260737130672
23S:774,-1.3097014925373134
23S:779,-0.026728601888516786
23S:782,6.566326530612245
23S:783,6.198979591836736
23S:786,-0.5434815717331708
23S:787,0.015077672860188795
23S:788,6.347014925373134
23S:789,6.437480962534267
23S:792,-0.24878160219311596
23S:798,-0.9121992080414254
23S:799,-0.4626104173012489
23S:800,-1.8716874809625343
23S:804,6.38265306122449
23S:807,6.615671641791045
23S:808,6.75
23S:809,6.615671641791045
23S:811,6.566326530612245
23S:817,6.75
23S:818,6.75
23S:820,6.75
23S:821,6.566326530612245
23S:822,6.566326530612245
23S:824,-0.17750533049040518
23S:825,6.347014925373134
23S:826,-1.6085135546756013
23S:828,6.38265306122449
23S:832,6.382653061224489
23S:834,6.481343283582089
23S:837,6.615671641791045
23S:838,6.75
23S:839,6.75
23S:842,-0.6079043557721595
23S:846,-0.9512640877246419
23S:847,-1.7908163265306123
23S:850,-0.9067164179104477
23S:851,-2.0306883947608894
23S:854,-0.24055741699664934
23S:855,-0.9725098994821813
23S:857,6.481343283582089
23S:858,6.75
23S:859,6.615671641791045
23S:860,6.75
23S:862,6.75
23S:864,6.30863539445629
23S:866,6.164026804751751
23S:870,-1.1644075540664025
23S:876,-0.40024367956137685
23S:878,-0.6085897045385318
23S:879,-0.8909533962838866
23S:880,-1.7764240024367954
23S:881,-1.6503198294243073
23S:884,-1.041044776119403
23S:886,6.256548888212001
23S:888,-0.9649710630520865
23S:889,-0.4900243679561377
23S:890,0.01987511422479432
23S:891,-0.4242308863844045
23S:895,-0.8025434054218703
23S:896,-0.41326530612244894
23S:897,6.75
23S:898,6.38265306122449
23S:899,6.75
23S:904,-1.6085135546756013
23S:905,6.75
23S:906,-0.09800487359122734
23S:907,0.0335820895522389
23S:908,6.434739567468778
23S:910,6.75
23S:913,6.615671641791045
23S:916,6.75
23S:917,6.437480962534267
23S:918,6.75
23S:924,6.566326530612245
23S:926,6.75
23S:927,-0.34198903441973816
23S:928,6.566326530612245
23S:934,6.566326530612245
23S:935,-0.585973195248249
23S:940,6.3086353944562905
23S:941,6.75
23S:944,6.566326530612245
23S:945,6.75
23S:947,6.566326530612245
23S:948,-1.6989795918367347
23S:952,6.75
23S:953,6.198979591836736
23S:954,6.75
23S:957,-0.185729515686872
23S:958,-0.22410904660371603
23S:960,-0.5174383186110266
23S:962,-1.9402223575997561
23S:963,-0.18298812062138292
23S:964,-0.11993603411513853
23S:965,-2.1156716417910446
23S:966,6.649253731343284
23S:967,-0.5003045994517211
23S:969,-0.29469996954005495
23S:970,-0.11445324398416101
23S:977,-0.48728297289064887
23S:978,-1.0958726774291807
23S:979,-0.16928114529393862
23S:982,-0.33445019798964354
23S:983,-0.7778708498324703
23S:986,-1.0547517514468476
23S:988,-0.026728601888516605
23S:989,-0.1966950959488274
23S:990,-0.6599908620164484
23S:991,-1.8442735303076452
23S:995,6.75
23S:996,6.75
23S:997,6.75
23S:999,6.253807493146512
23S:1000,6.75
23S:1002,6.615671641791045
23S:1003,6.566326530612245
23S:1012,-0.9951264087724642
23S:1014,-1.1650929028327752
23S:1016,-1.2720073103868412
23S:1017,-1.3871459031373745
23S:1021,-0.23575997563204373
23S:1022,0.030155345720377924
23S:1024,-0.273454157782516
23S:1026,-0.6037922631739264
23S:1030,-0.2755102040816327
23S:1034,-1.7483247030155344
23S:1035,-0.7340085287846483
23S:1036,-1.3227231190983857
23S:1043,0.04728906487968325
23S:1046,6.75
23S:1047,6.75
23S:1048,6.75
23S:1049,6.253807493146512
23S:1053,6.75
23S:1054,6.75
23S:1055,-0.9916996649406032
23S:1056,-1.811376789521779
23S:1058,-1.046527566250381
23S:1059,-0.8416082851050869
23S:1060,-0.18847091075236067
23S:1061,-0.2844197380444716
23S:1063,-0.6908315565031983
23S:1064,-1.184282668291197
23S:1065,-1.158924763935425
23S:1066,-1.4138745050258907
23S:1072,-0.2844197380444717
23S:1073,-1.2137526652452024
23S:1074,-0.32279926896131594
23S:1083,-0.5969387755102041
23S:1085,-1.3014773073408463
23S:1086,-0.09800487359122756
23S:1087,-0.40229972586049356
23S:1088,-0.4735759975632041
23S:1089,-0.07059092293633906
23S:1091,6.198979591836736
23S:1092,-0.20491928114529406
23S:1094,6.253807493146512
23S:1095,6.75
23S:1096,6.75
23S:1101,-0.21862625647273848
23S:1102,-0.6874048126713374
23S:1103,-0.1117118489186721
23S:1105,-1.4440298507462686
23S:1110,6.615671641791045
23S:1112,6.198979591836736
23S:1116,6.253807493146512
23S:1118,6.75
23S:1120,6.171565641181846
23S:1124,6.171565641181846
23S:1129,-1.3206670727992686
23S:1130,-0.7998020103563814
23S:1132,-1.8470149253731343
23S:1133,6.75
23S:1134,6.75
23S:1135,6.75
23S:1137,6.75
23S:1139,6.75
23S:1140,6.38265306122449
23S:1141,6.75
23S:1144,6.75
23S:1147,-0.3481571733170879
23S:1148,-0.40983856229058774
23S:1149,-0.4077825159914713
23S:1153,6.468321657021017
23S:1155,6.75
23S:1156,6.566326530612245
23S:1157,6.566326530612245
23S:1159,-1.8196009747182456
23S:1160,-0.27962229667986593
23S:1167,6.428571428571428
23S:1168,6.75
23S:1171,-1.136993603411514
23S:1172,-0.7970606152908928
23S:1173,6.75
23S:1174,6.75
23S:1175,-1.5536856533658239
23S:1176,-1.548202863234846
23S:1177,-1.1095796527566248
23S:1181,-0.8628540968626253
23S:1182,6.615671641791045
23S:1187,6.75
23S:1188,6.75
23S:1189,6.566326530612245
23S:1192,-0.8546299116661589
23S:1193,-1.2493908010965582
23S:1194,6.38265306122449
23S:1198,6.434739567468778
23S:1199,6.75
23S:1200,-0.41326530612244894
23S:1202,6.75
23S:1203,6.38265306122449
23S:1209,6.615671641791045
23S:1210,6.566326530612245
23S:1212,6.38265306122449
23S:1213,6.566326530612245
23S:1214,6.75
23S:1216,6.75
23S:1218,6.566326530612245
23S:1223,6.75
23S:1224,6.75
23S:1227,6.75
23S:1232,6.615671641791045
23S:1233,6.566326530612245
23S:1234,6.75
23S:1235,6.566326530612245
23S:1237,6.75
23S:1240,6.198979591836736
23S:1242,6.75
23S:1243,6.38265306122449
23S:1244,-0.7531982942430705
23S:1245,-0.8655954919281144
23S:1250,6.75
23S:1251,6.615671641791045
23S:1252,-1.1123210478221142
23S:1253,-0.5146969235455376
23S:1254,-0.35775205604629917
23S:1256,-1.1698903441973805
23S:1257,-1.550944258300335
23S:1258,-1.26858056655498
23S:1259,6.75
23S:1260,6.75
23S:1261,-0.2953853183064272
23S:1268,6.75
23S:1270,-1.0252817544928419
23S:1271,-0.8073408467864756
23S:1274,6.474489795918367
23S:1275,6.38265306122449
23S:1276,6.75
23S:1279,6.198979591836736
23S:1281,6.75
23S:1282,6.75
23S:1286,-0.2734541577825159
23S:1287,-0.6270941212305818
23S:1288,-0.5366280840694487
23S:1291,6.75
23S:1293,6.75
23S:1294,6.75
23S:1295,-2.0690679256777336
23S:1296,-1.8470149253731343
23S:1298,-1.041044776119403
23S:1299,-1.4248400852878467
23S:1304,-1.7215961011270178
23S:1305,-0.5208650624428877
23S:1306,-1.000609198903442
23S:1307,-0.723728297289065
23S:1308,-0.18093207432226627
23S:1309,-0.3591227535790436
23S:1310,-0.04660371611331114
23S:1321,-0.30566554980201033
23S:1324,-0.5928266829119709
23S:1326,-0.4146360036551932
23S:1327,-0.5051020408163266
23S:1330,6.253807493146512
23S:1331,6.75
23S:1332,6.75
23S:1333,6.75
23S:1337,-1.6989795918367347
23S:1338,6.566326530612245
23S:1339,6.75
23S:1347,-0.7065945781297593
23S:1349,-0.10074626865671643
23S:1352,-1.131510813280536
23S:1353,-0.6956289978678039
23S:1354,6.130444715199512
23S:1355,6.615671641791045
23S:1356,6.437480962534267
23S:1357,6.566326530612245
23S:1362,-0.1747639354249161
23S:1365,6.615671641791045
23S:1368,6.75
23S:1371,-0.46261041730124897
23S:1373,-0.3365062442887601
23S:1376,6.75
23S:1377,6.75
23S:1378,6.434739567468777
23S:1379,6.615671641791045
23S:1381,-0.5037313432835822
23S:1382,-0.22410904660371617
23S:1383,-0.48180018275967085
23S:1390,-0.05414255254340539
23S:1392,6.75
23S:1396,6.75
23S:1397,6.75
23S:1398,-2.126637222053
23S:1401,6.38265306122449
23S:1405,-1.6989795918367347
23S:1406,-1.6989795918367347
23S:1407,6.75
23S:1408,6.75
23S:1409,6.75
23S:1410,6.75
23S:1413,-2.25
23S:1414,-1.873743527261651
23S:1415,-0.8292720073103867
23S:1419,-0.3995583307950047
23S:1420,-0.6435424916235151
23S:1424,6.75
23S:1425,6.347014925373134
23S:1426,6.38265306122449
23S:1429,6.615671641791045
23S:1432,6.75
23S:1436,-0.6051629607066707
23S:1437,-0.1583155650319831
23S:1440,6.566326530612245
23S:1441,6.615671641791045
23S:1447,-1.4906335668595798
23S:1448,-1.7592902832774904
23S:1451,6.75
23S:1452,6.38265306122449
23S:1453,6.75
23S:1455,6.75
23S:1456,6.615671641791045
23S:1458,6.382653061224489
23S:1460,-1.507081937252513
23S:1461,-0.3036095035028936
23S:1466,-1.3288912579957355
23S:1467,6.198979591836736
23S:1472,6.75
23S:1473,6.198979591836736
23S:1474,-1.5392933292720072
23S:1477,-0.35021321961620455
23S:1478,-1.4741851964666464
23S:1480,6.38265306122449
23S:1482,6.566326530612245
23S:1483,6.434739567468778
23S:1485,6.75
23S:1486,6.566326530612245
23S:1488,6.75
23S:1489,6.347014925373134
23S:1491,-0.969768504416692
23S:1492,6.75
23S:1493,6.615671641791045
23S:1494,6.615671641791045
23S:1495,6.615671641791045
23S:1496,6.615671641791045
23S:1501,-0.3885927505330493
23S:1503,-0.6017362168748095
23S:1505,-0.43451111787998764
23S:1506,-2.115671641791045
23S:1507,6.207889125799573
23S:1509,-1.084221748400853
23S:1510,0.00959488272921092
23S:1511,-0.08361254949741115
23S:1513,-1.197304294852269
23S:1515,-0.5969387755102038
23S:1516,-0.739491318915626
23S:1517,-1.4364910143161742
23S:1522,6.75
23S:1523,-1.9868260737130674
23S:1525,6.75
23S:1526,6.75
23S:1529,6.566326530612245
23S:1534,6.177048431312824
23S:1535,6.75
23S:1538,6.615671641791045
23S:1540,6.75
23S:1541,6.130444715199513
23S:1542,6.75
23S:1543,6.177048431312824
23S:1549,6.75
23S:1552,-0.06305208650624432
23S:1553,0.032896740785866574
23S:1554,-0.1370697532744441
23S:1556,-0.33445019798964354
23S:1557,-0.2576911361559549
23S:1578,-0.8004873591227539
23S:1579,-0.08498324703015547
23S:1581,-0.02193116052391103
23S:1582,-0.5818611026500151
23S:1583,-0.17819067925677745
23S:1584,-1.2254035942735304
23S:1585,-1.3103868413036857
23S:1591,-1.0547517514468474
23S:1593,-0.6956289978678041
23S:1594,-0.665473652147426
23S:1599,-0.9588029241547366
23S:1600,-1.5653365823941519
23S:1608,-0.9697685044166919
23S:1615,-1.2548735912275357
23S:1616,-1.698979591836735
23S:1620,-0.1912123058178497
23S:1628,-0.7484008528784647
23S:1630,0.049345111178799916
23S:1631,-0.17270788912579962
23S:1632,-1.0636612854096865
23S:1633,-1.611940298507463
23S:1634,0.043176972281449594
23S:1635,-0.1788760280231496
23S:1636,-0.25015229972586056
23S:1637,-0.4303990252817545
23S:1638,-1.236369174535486
23S:1645,-0.09937557112397186
23S:1646,-1.125342674383186
23S:1647,-1.3439689308559246
23S:1648,-1.749695400548279
23S:1649,-1.6071428571428572
23S:1650,-1.7798507462686566
23S:1654,-1.6235912275357907
23S:1655,-1.352193116052391
23S:1656,-1.4179865976241244
23S:1658,-0.4811148339932989
23S:1659,-0.2069753274444105
23S:1660,-0.5708955223880595
23S:1661,-1.0698294243070363
23S:1663,-0.462610417301249
23S:1664,-0.4386232104782211
23S:1668,-0.5928266829119708
23S:1677,-0.7627931769722814
23S:1684,-0.2693420651842828
23S:1685,0.028099299421261034
23S:1690,-0.06031069144075557
23S:1691,-0.016448370392933287
23S:1696,-0.004797441364605595
23S:1698,-0.3618641486445323
23S:1699,-1.0273378007919587
23S:1700,-1.236369174535486
23S:1705,0.0171337191593054
23S:1707,-0.28236369174535475
23S:1708,-0.3173164788303382
23S:1711,-0.15351812366737747
23S:1715,-1.0574931465123363
23S:1721,-2.25
23S:1722,6.179789826378313
23S:1724,6.566326530612245
23S:1725,6.75
23S:1726,6.198979591836736
23S:1727,-1.6667681998172401
23S:1728,-1.1404203472433752
23S:1729,-0.8004873591227537
23S:1730,-1.187024063356686
23S:1731,-0.8066554980201037
23S:1732,-0.639430399025282
23S:1733,-0.09320743222662206
23S:1735,-0.09526347852573852
23S:1736,-0.3543253122144382
23S:1742,-0.20834602497715504
23S:1747,-0.3070362473347549
23S:1748,-0.11719463904964966
23S:1749,-0.6846634176058484
23S:1750,-0.21588486140724938
23S:1756,6.347014925373134
23S:1757,6.75
23S:1758,6.75
23S:1759,6.615671641791045
23S:1760,6.75
23S:1761,6.212686567164179
23S:1763,-1.9477611940298507
23S:1764,-2.023149558330795
23S:1765,6.566326530612245
23S:1767,6.75
23S:1770,6.198979591836736
23S:1771,6.382653061224489
23S:1773,6.566326530612245
23S:1775,6.481343283582089
23S:1776,6.75
23S:1777,6.75
23S:1780,-1.1897654584221753
23S:1781,-2.0498781602193117
23S:1783,-1.2137526652452024
23S:1785,6.38265306122449
23S:1786,-0.9533201340237587
23S:1793,-1.5591684434968018
23S:1794,-1.0328205909229362
23S:1795,6.382653061224489
23S:1798,6.566326530612245
23S:1799,6.615671641791045
23S:1800,6.566326530612245
23S:1804,-0.6812366737739869
23S:1808,-0.9067164179104475
23S:1811,-0.0925220834602497
23S:1812,-0.5153822723119098
23S:1813,6.566326530612245
23S:1818,-0.5640420347243376
23S:1823,6.75
23S:1824,-2.25
23S:1825,6.75
23S:1826,6.75
23S:1827,6.75
23S:1828,6.75
23S:1830,6.75
23S:1833,6.566326530612245
23S:1834,6.75
23S:1835,6.198979591836736
23S:1836,6.75
23S:1839,6.514925373134329
23S:1846,6.75
23S:1847,6.75
23S:1848,6.615671641791045
23S:1851,6.437480962534267
23S:1852,6.75
23S:1854,6.75
23S:1857,6.615671641791045
23S:1859,6.75
23S:1867,6.468321657021017
23S:1870,-0.6216113310996041
23S:1873,-0.3502132196162049
23S:1874,0.04660371611331103
23S:1880,-0.6072190070057875
23S:1881,-0.15488882120012182
23S:1882,-0.3173164788303381
23S:1883,-0.5469083155650322
23S:1884,-0.08155650319829426
23S:1886,-0.9231647883033809
23S:1887,-0.0678495278708498
23S:1889,6.75
23S:1894,6.75
23S:1907,-0.27071276271702704
23S:1908,-0.6325769113615596
23S:1909,-1.9539293329272005
23S:1912,6.75
23S:1913,6.615671641791045
23S:1914,6.615671641791045
23S:1915,6.566326530612245
23S:1916,6.75
23S:1918,6.382653061224489
23S:1919,6.75
23S:1920,-0.3748857752056045
23S:1922,6.615671641791045
23S:1925,6.615671641791045
23S:1926,6.615671641791045
23S:1927,6.566326530612245
23S:1928,6.566326530612245
23S:1930,6.75
23S:1931,6.347014925373134
23S:1935,-1.0986140724946696
23S:1938,6.75
23S:1939,6.566326530612245
23S:1941,6.566326530612245
23S:1942,-0.22959183673469385
23S:1943,0.0335820895522389
23S:1944,-0.43519646664636036
23S:1946,6.615671641791045
23S:1948,6.437480962534267
23S:1949,6.75
23S:1951,-0.43519646664636036
23S:1952,0.03358208955223885
23S:1953,-2.1622753579043557
23S:1954,-1.8415321352421568
23S:1955,0.008909533962838743
23S:1956,6.566326530612245
23S:1957,6.38265306122449
23S:1958,6.75
23S:1959,-0.22959183673469363
23S:1967,6.198979591836736
23S:1968,6.75
23S:1969,-0.45164483703929315
23S:1970,-0.547593664331404
23S:1971,6.566326530612245
23S:1972,6.437480962534267
23S:1973,6.75
23S:1974,6.75
23S:1977,6.75
23S:1978,-0.5859731952482485
23S:1980,6.566326530612245
23S:1981,6.38265306122449
23S:1985,6.615671641791045
23S:1986,-2.1238958269875114
23S:1988,-1.6304447151995123
23S:1990,6.566326530612245
23S:1991,-1.7099451720986902
23S:1992,6.75
23S:1993,6.615671641791045
23S:1994,-0.6901462077368261
23S:1995,-1.0931312823636918
23S:1996,-2.25
23S:1997,-1.5180475175144688
23S:1998,-1.2768047517514467
23S:2001,-0.559244593359732
23S:2002,-0.14186719463904973
23S:2003,-0.8882120012183978
23S:2005,-1.578358208955224
23S:2006,-0.6380597014925374
23S:2009,-1.7072037770332016
23S:2010,-1.9511879378617119
23S:2013,6.75
23S:2014,6.75
23S:2015,6.75
23S:2017,-1.4495126408772463
23S:2018,6.615671641791045
23S:2022,6.198979591836736
23S:2024,6.75
23S:2025,6.75
23S:2029,6.75
23S:2030,6.615671641791045
23S:2031,6.75
23S:2032,-2.082774901005178
23S:2033,-1.7072037770332011
23S:2034,6.437480962534267
23S:2035,6.75
23S:2036,6.75
23S:2037,6.75
23S:2038,6.75
23S:2039,6.253807493146512
23S:2041,6.75
23S:2042,-0.08155650319829433
23S:2043,6.75
23S:2044,6.437480962534267
23S:2045,-1.7072037770332011
23S:2046,-2.082774901005178
23S:2047,6.75
23S:2048,6.615671641791045
23S:2049,-2.25
23S:2051,6.75
23S:2052,6.75
23S:2053,6.75
23S:2054,6.75
23S:2055,6.75
23S:2056,6.75
23S:2057,6.75
23S:2058,6.566326530612245
23S:2061,6.566326530612245
23S:2063,6.75
23S:2064,-1.5207889125799572
23S:2065,6.75
23S:2066,6.75
23S:2067,6.75
23S:2068,6.198979591836736
23S:2069,6.75
23S:2071,6.75
23S:2075,6.253807493146512
23S:2077,6.75
23S:2079,6.382653061224489
23S:2083,6.75
23S:2085,6.75
23S:2086,-0.9642857142857143
23S:2088,6.428571428571428
23S:2089,6.566326530612245
23S:2090,6.428571428571428
23S:2091,-1.6420956442278405
23S:2092,6.566326530612245
23S:2093,6.75
23S:2094,6.75
23S:2096,6.437480962534267
23S:2097,6.566326530612245
23S:2098,-0.555817849527871
23S:2099,-0.4461620469083154
23S:2101,6.75
23S:2102,6.75
23S:2106,-1.9429637526652455
23S:2107,-0.6654736521474262
23S:2111,0.017133719159305283
23S:2114,6.434739567468778
23S:2115,6.75
23S:2116,6.75
23S:2117,6.75
23S:2118,6.75
23S:2119,-2.25
23S:2125,-0.7477155041120924
23S:2127,-0.02672860188851639
23S:2131,-0.9067164179104475
23S:2136,6.75
23S:2137,6.75
23S:2138,6.566326530612245
23S:2139,-0.8052848004873591
23S:2140,-0.5510204081632655
23S:2143,-1.6229058787694184
23S:2146,-0.2460402071276272
23S:2149,-0.7943192202254036
23S:2153,-0.16105696009747184
23S:2156,6.38265306122449
23S:2157,-1.874428876028023
23S:2159,6.566326530612245
23S:2160,-0.7751294547669814
23S:2163,-0.23507462686567165
23S:2164,-2.066326530612245
23S:2169,-2.25
23S:2174,-1.1726317392628691
23S:2178,-1.1479591836734695
23S:2180,-1.572875418824246
23S:2181,-2.066326530612245
23S:2182,6.434739567468778
23S:2183,6.566326530612245
23S:2184,6.75
23S:2186,6.75
23S:2187,6.75
23S:2188,6.75
23S:2194,6.75
23S:2197,6.75
23S:2198,6.75
23S:2200,6.75
23S:2201,6.75
23S:2205,6.75
23S:2211,-1.134252208346025
23S:2213,-1.8250837648492233
23S:2215,6.481343283582089
23S:2216,6.75
23S:2218,-0.36940298507462715
23S:2219,-0.0678495278708498
23S:2221,-1.0273378007919587
23S:2227,-0.4132653061224489
23S:2230,-0.49550715808711554
23S:2231,-0.1254188242461164
23S:2232,6.38265306122449
23S:2233,6.198979591836736
23S:2237,6.75
23S:2238,6.75
23S:2239,-0.5174383186110266
23S:2240,-0.9642857142857142
23S:2241,6.75
23S:2242,6.75
23S:2243,6.198979591836736
23S:2247,6.75
23S:2249,6.75
23S:2250,6.615671641791045
23S:2253,-0.966341760584831
23S:2261,0.012336277794700076
23S:2262,-0.03700883338409994
23S:2265,-0.5585592445933597
23S:2271,6.347014925373134
23S:2272,-0.2323332318001829
23S:2273,-0.26865671641791056
23S:2274,-0.09526347852573869
23S:2284,6.75
23S:2289,-1.0328205909229364
23S:2290,6.75
23S:2291,6.75
23S:2294,6.75
23S:2295,-0.9642857142857142
23S:2296,6.75
23S:2297,6.75
23S:2302,6.198979591836736
23S:2304,-0.03769418215047226
23S:2305,-0.6545080718854708
23S:2307,0.030840694486750045
23S:2308,0.022616509290283165
23S:2310,-0.21862625647273826
23S:2314,-1.2110112701797138
23S:2317,-0.7970606152908924
23S:2318,-0.15009137983551657
23S:2319,6.75
23S:2320,6.75
23S:2322,6.75
23S:2326,-0.19738044471519944
23S:2327,-0.004112092598233363
23S:2328,-0.09046603716113308
23S:2331,-0.8840999086201647
23S:2332,-0.2522083460249772
23S:2333,-0.19463904964971085
23S:2338,6.75
23S:2339,6.75
23S:2342,-1.8250837648492233
23S:2344,-1.1507005787389581
23S:2347,6.75
23S:2351,6.75
23S:2352,6.615671641791045
23S:2355,6.75
23S:2356,6.75
23S:2357,6.75
23S:2360,-1.1479591836734695
23S:2362,6.75
23S:2363,6.75
23S:2364,6.75
23S:2365,6.75
23S:2366,6.75
23S:2367,6.179789826378313
23S:2368,6.75
23S:2370,-0.7806122448979591
23S:2374,6.566326530612245
23S:2376,-0.22959183673469385
23S:2379,-1.8470149253731343
23S:2380,6.566326530612245
23S:2382,6.566326530612245
23S:2387,6.75
23S:2388,-0.15557416996649387
23S:2389,6.75
23S:2392,-0.41326530612244894
23S:2394,6.566326530612245
23S:2399,6.347014925373134
23S:2401,6.75
23S:2403,6.566326530612245
23S:2406,-0.2597471824550717
23S:2407,-0.5941973804447149
23S:2410,6.75
23S:2416,-1.789445628997868
23S:2421,-0.333764849223271
23S:2422,6.75
23S:2428,-1.8559244593359732
23S:2436,6.481343283582089
23S:2437,6.75
23S:2441,6.75
23S:2442,6.615671641791045
23S:2443,-0.7148187633262262
23S:2447,6.75
23S:2448,-0.15283277490100491
23S:2449,6.75
23S:2450,6.198979591836736
23S:2451,6.25929028327749
23S:2453,-0.5941973804447149
23S:2454,-0.14460858970453866
23S:2455,6.75
23S:2458,6.75
23S:2460,6.75
23S:2461,6.198979591836736
23S:2464,-1.0574931465123363
23S:2466,-1.3316326530612244
23S:2467,-2.066326530612245
23S:2468,-1.5125647273834906
23S:2470,0.03906487968321648
23S:2471,-0.5695248248553152
23S:2480,-1.501599147121535
23S:2481,-2.066326530612245
23S:2483,-2.2006548888212007
23S:2487,6.38265306122449
23S:2492,6.566326530612245
23S:2493,6.75
23S:2494,6.566326530612245
23S:2495,6.566326530612245
23S:2500,6.347014925373134
23S:2503,-0.7148187633262262
23S:2504,6.615671641791045
23S:2505,6.75
23S:2507,-2.25
23S:2508,6.75
23S:2509,6.566326530612245
23S:2510,-0.7915778251599146
23S:2511,6.75
23S:2513,-2.0252056046299116
23S:2514,-2.0032744441060006
23S:2517,-1.7702558635394454
23S:2518,-2.0204081632653064
23S:2522,-1.3645293938470908
23S:2524,-1.9840846786475785
23S:2528,-2.0690679256777336
23S:2529,-1.9045842217484008
23S:2533,-0.4187480962534267
23S:2535,-1.3693268352116967
23S:2536,-1.2987359122753577
23S:2537,-2.162275357904355
23S:2539,-0.295385318306427
23S:2540,-2.25
23S:2541,-0.5092141334145599
23S:2542,-1.5153061224489794
23S:2545,-1.5810996040207128
23S:2546,6.25929028327749
23S:2547,6.566326530612245
23S:2548,-2.25
23S:2549,6.75
23S:2550,6.75
23S:2552,-0.7038531830642707
23S:2553,6.75
23S:2554,6.75
23S:2555,6.75
23S:2560,6.75
23S:2561,6.75
23S:2562,6.198979591836736
23S:2564,6.75
23S:2565,6.75
23S:2566,6.75
23S:2569,6.75
23S:2571,-0.9807340846786476
23S:2572,6.198979591836736
23S:2573,-1.3727535790435574
23S:2574,-1.9813432835820897
23S:2575,6.75
23S:2577,-1.2356838257691138
23S:2580,-1.1616661590009136
23S:2581,-2.25
23S:2584,6.566326530612245
23S:2585,6.38265306122449
23S:2586,6.347014925373134
23S:2587,6.75
23S:2590,6.75
23S:2593,6.75
23S:2594,6.347014925373134
23S:2595,6.38265306122449
23S:2596,6.75
23S:2597,6.179789826378313
23S:2598,6.75
23S:2599,-2.25
23S:2600,-1.2740633566859578
23S:2603,-1.1698903441973802
23S:2605,6.75
23S:2607,6.75
23S:2608,6.481343283582089
23S:2609,6.75
23S:2610,-0.9807340846786476
23S:2611,-2.25
23S:2613,6.75
23S:2616,6.198979591836736
23S:2617,6.615671641791044
23S:2618,6.38265306122449
23S:2620,6.75
23S:2621,6.75
23S:2622,6.75
23S:2623,6.75
23S:2626,6.566326530612245
23S:2628,-2.25
23S:2631,-1.926515382272312
23S:2633,6.566326530612245
23S:2635,6.75
23S:2636,6.38265306122449
23S:2637,6.75
23S:2638,6.437480962534267
23S:2640,-0.07059092293633884
23S:2642,-0.16105696009747184
23S:2644,6.75
23S:2645,-2.1156716417910446
23S:2646,6.75
23S:2651,-0.3419890344197378
23S:2652,-1.6989795918367347
23S:2653,-0.4269722814498933
23S:2655,6.256548888212001
23S:2656,6.566326530612245
23S:2657,6.75
23S:2658,6.75
23S:2659,6.38265306122449
23S:2660,6.75
23S:2661,6.75
23S:2662,-1.9868260737130674
23S:2663,-0.37214438014011564
23S:2664,6.75
23S:2665,6.75
23S:2667,6.75
23S:2668,6.75
23S:2671,6.75
23S:2673,6.75
23S:2674,6.75
23S:2675,-0.37214438014011564
23S:2677,6.75
23S:2678,6.615671641791045
23S:2679,6.75
23S:2680,6.75
23S:2681,6.38265306122449
23S:2683,-1.926515382272312
23S:2685,6.434739567468778
23S:2686,-2.25
23S:2688,6.75
23S:2691,6.75
23S:2692,6.75
23S:2693,6.75
23S:2695,6.75
23S:2696,6.75
23S:2697,6.75
23S:2698,6.75
23S:2699,6.75
23S:2700,6.75
23S:2702,6.75
23S:2705,-0.8518885166006699
23S:2706,6.75
23S:2707,6.75
23S:2709,6.38265306122449
23S:2710,6.75
23S:2712,6.75
23S:2713,6.75
23S:2714,6.75
23S:2716,6.75
23S:2717,6.75
23S:2718,6.612244897959184
23S:2719,-0.8518885166006699
23S:2722,6.566326530612245
23S:2723,6.75
23S:2726,-1.7318763326226012
23S:2728,6.75
23S:2737,-2.25
23S:2741,-0.5037313432835819
23S:2742,6.75
23S:2748,-0.9067164179104479
23S:2751,-0.45164483703929337
23S:2752,6.75
23S:2753,6.75
23S:2762,-1.509823332318002
23S:2770,6.434739567468778
23S:2771,6.75
23S:2772,6.75
23S:2773,6.75
23S:2774,6.75
23S:2775,6.75
23S:2776,6.75
23S:2778,6.75
23S:2779,6.75
23S:2780,6.75
23S:2781,6.75
23S:2782,-2.25
23S:2783,6.615671641791045
23S:2788,-0.4242308863844041
23S:2790,-1.224718245507158
23S:2791,-2.2308102345415777
23S:2792,-1.9402223575997566
23S:2794,-0.531145293938471
23S:2795,-0.8518885166006704
23S:2797,6.75
23S:2800,6.198979591836736
23S:2802,6.615671641791045
23S:2803,6.75
23S:2810,6.75
23S:2814,6.615671641791045
23S:2816,0.036323484617727664
23S:2818,-2.066326530612245
23S:2821,0.05277185501066106
23S:2823,6.75
23S:2828,6.566326530612245
23S:2829,6.75
23S:2834,-0.04591836734693855
23S:2836,6.48134328358209
23S:2837,6.615671641791045
23S:2839,6.198979591836736
23S:2840,-0.28167834297898275
23S:2842,-0.8518885166006704
23S:2843,-0.5037313432835822
23S:2845,-2.011498629302468
23S:2846,-1.5207889125799574
23S:2852,6.75
23S:2853,6.75
23S:2854,6.75
23S:2856,-0.0815565031982941
23S:2858,6.615671641791045
23S:2859,6.75
23S:2860,6.75
23S:2861,6.75
23S:2862,6.75
23S:2864,6.75
23S:2865,6.75
23S:2866,6.75
23S:2867,6.75
23S:2868,6.347014925373134
23S:2869,6.566326530612245
23S:2870,6.75
23S:2871,6.566326530612245
23S:2872,6.615671641791045
23S:2874,-0.10897045385318282
23S:2876,6.615671641791045
23S:2877,6.75
23S:2878,6.38265306122449
23S:2883,-0.09594882729211096
23S:2888,-0.03289674078586691
23S:2889,6.612244897959184
23S:2890,-0.6168138897349983
23S:2891,6.612244897959184
23S:2892,-1.3144989339019189
23S:2897,-0.3152604325312216
23S:2898,-0.7072799268961316
23S:2899,-0.5510204081632654
23S:2902,-1.6064575083764852
23S:2904,0.04249162351507771
23S:2953,-0.7593664331404204
23S:2955,-0.3282820590922937
23S:2956,-0.013021626561072308
23S:2958,-0.28441973804447157
23S:2959,6.75
23S:2961,6.615671641791045
23S:2962,-1.1753731343283582
23S:2964,6.75
23S:2967,-0.252208346024977
23S:2970,6.566326530612245
23S:2974,6.299725860493451
23S:2976,6.38265306122449
23S:2978,-0.550335059396893
23S:2985,6.75
23S:2986,6.3058939993908005
23S:2988,6.198979591836736
23S:2994,-0.7998020103563812
23S:3008,-0.36597624124276573
23S:3014,-0.39613158696314354
23S:3015,6.75
23S:3016,6.75
23S:3018,-0.4955071580871153
23S:3019,-1.4131891562595185
23S:3020,-0.22616509290283293
23S:3024,-0.6188699360341152
23S:3027,6.38265306122449
23S:3029,6.615671641791045
23S:3030,6.75
23S:3040,-0.3563813585135548
23S:3041,-0.16242765763021638
23S:3042,-0.9389278099299423
23S:3045,-0.4722053000304599
23S:3047,-0.35912275357904355
16S:1,-1.0903898872982027
16S:2,-0.8703929332927202
16S:3,-1.4913189156259516
16S:4,-2.25
16S:5,-2.25
16S:7,-1.8826530612244898
16S:8,6.75
16S:9,6.2592902832774895
16S:10,6.75
16S:11,6.75
16S:12,6.75
16S:13,6.347014925373134
16S:15,6.566326530612245
16S:16,6.566326530612245
16S:17,-1.8826530612244898
16S:19,-2.25
16S:20,-2.25
16S:24,-1.5427200731038684
16S:26,-1.75929028327749
16S:27,-2.2164179104477615
16S:28,-2.25
16S:29,-2.066326530612245
16S:30,-2.25
16S:31,-1.9813432835820897
16S:32,-2.25
16S:33,-2.25
16S:34,-1.8881358513554678
16S:35,-1.7017209869022234
16S:38,-1.6331861102650014
16S:39,-2.25
16S:40,-0.03769418215047218
16S:42,-1.646893085592446
16S:45,6.75
16S:47,6.75
16S:48,-1.180170575692964
16S:49,-1.9100670118793786
16S:50,6.75
16S:51,6.75
16S:52,6.566326530612245
16S:53,6.75
16S:55,-0.22959183673469363
16S:56,6.75
16S:57,6.75
16S:58,6.198979591836735
16S:66,0.0013706975327444845
16S:68,-0.33033810539141023
16S:79,-0.05208650624428873
16S:81,-0.01644837039293323
16S:85,-0.5475936643314041
16S:89,6.38265306122449
16S:90,6.75
16S:93,6.566326530612245
16S:96,6.566326530612245
16S:97,-2.25
16S:98,6.615671641791045
16S:99,-0.4406792567773377
16S:101,6.566326530612245
16S:102,6.434739567468778
16S:103,6.75
16S:104,6.38265306122449
16S:109,6.198979591836736
16S:112,-1.1232866280840694
16S:113,-2.101279317697228
16S:114,6.75
16S:118,6.566326530612245
16S:121,6.437480962534266
16S:124,-0.018504416692049885
16S:125,-0.2021778860798049
16S:134,6.615671641791045
16S:136,6.615671641791045
16S:144,6.566326530612245
16S:145,6.75
16S:146,6.75
16S:147,6.75
16S:155,6.2592902832774895
16S:156,6.75
16S:157,6.75
16S:164,6.2592902832774895
16S:165,6.566326530612245
16S:168,-0.2542643923240939
16S:169,-0.026728601888516584
16S:170,-0.07059092293633862
16S:171,-0.09046603716113333
16S:172,0.008909533962838806
16S:174,-0.07744441060006084
16S:176,-0.09252208346024951
16S:177,0.0397502284495888
16S:181,-0.6901462077368259
16S:183,-0.015077672860188795
16S:189,0.025357904355772176
16S:190,0.02261650929028336
16S:191,0.03906487968321626
16S:192,-0.038379530916844366
16S:194,-1.021855010660981
16S:195,-0.09252208346024982
16S:197,6.212686567164179
16S:198,6.38265306122449
16S:199,6.38265306122449
16S:202,-0.11376789521778863
16S:214,0.04728906487968337
16S:219,-0.5558178495278709
16S:223,6.437480962534266
16S:224,6.2592902832774895
16S:229,-1.2576149862930246
16S:235,-0.2734541577825158
16S:239,6.75
16S:240,6.75
16S:242,6.75
16S:243,6.566326530612245
16S:244,-0.553076454462382
16S:247,6.75
16S:250,6.566326530612245
16S:256,6.566326530612245
16S:257,6.75
16S:258,6.615671641791045
16S:259,6.615671641791045
16S:268,6.566326530612245
16S:272,-0.553076454462382
16S:273,6.566326530612245
16S:276,-0.1062290587876944
16S:278,6.75
16S:283,6.566326530612245
16S:284,6.38265306122449
16S:286,-1.7346177276880905
16S:287,-1.1753731343283582
16S:288,6.75
16S:289,-2.156792567773378
16S:291,-0.9505787389582698
16S:292,6.75
16S:293,6.75
16S:296,6.75
16S:297,6.75
16S:298,-0.9231647883033809
16S:300,-2.203396283886689
16S:303,-1.7072037770332011
16S:304,6.75
16S:305,-1.1753731343283582
16S:306,-1.7455833079500458
16S:308,-0.4406792567773377
16S:309,6.615671641791045
16S:310,-2.25
16S:312,-0.11445324398416086
16S:313,-1.7346177276880905
16S:314,6.75
16S:316,-1.350822418519647
16S:318,6.75
16S:319,6.75
16S:320,6.75
16S:321,6.75
16S:322,6.75
16S:323,6.75
16S:325,6.75
16S:329,-1.3508224185196471
16S:331,6.75
16S:332,-1.863463295766068
16S:333,-0.4434206518428267
16S:334,-1.5153061224489797
16S:335,-2.25
16S:336,-1.8881358513554674
16S:337,6.20377703320134
16S:338,6.198979591836736
16S:339,6.566326530612245
16S:340,6.75
16S:341,6.198979591836736
16S:342,6.75
16S:343,6.198979591836736
16S:344,6.434739567468778
16S:345,-1.8881358513554674
16S:346,-2.25
16S:347,6.566326530612245
16S:348,6.566326530612245
16S:349,6.481343283582089
16S:351,6.75
16S:352,6.566326530612245
16S:353,6.75
16S:354,-1.7154279622296682
16S:355,-1.452254035942735
16S:357,-1.8826530612244898
16S:358,6.75
16S:359,6.382653061224489
16S:360,6.75
16S:361,-1.8826530612244903
16S:363,-1.8826530612244896
16S:364,6.75
16S:365,-0.5421108742004266
16S:368,6.75
16S:369,6.382653061224489
16S:371,6.75
16S:372,6.38265306122449
16S:373,-2.066326530612245
16S:376,6.566326530612245
16S:379,6.253807493146511
16S:382,-2.066326530612245
16S:384,6.75
16S:385,6.75
16S:388,-0.5009899482180931
16S:389,-1.8826530612244896
16S:390,6.75
16S:391,-0.7806122448979591
16S:392,-0.3419890344197379
16S:393,6.75
16S:395,-1.6523758757234235
16S:399,-2.25
16S:400,6.481343283582089
16S:401,6.75
16S:402,6.75
16S:403,-1.2356838257691136
16S:404,-1.34259823332318
16S:405,-0.04591836734693886
16S:407,-1.836734693877551
16S:409,-1.5742461163569905
16S:412,-0.6497106305208649
16S:413,-1.2857142857142858
16S:414,-0.8265306122448978
16S:415,-1.6989795918367345
16S:416,-0.22959183673469374
16S:417,-0.7531982942430703
16S:418,-1.3425982333231798
16S:419,-1.2493908010965578
16S:420,6.566326530612245
16S:421,6.615671641791045
16S:423,6.481343283582089
16S:425,-0.503731343283582
16S:426,-0.04865976241242753
16S:431,-1.8196009747182456
16S:432,-1.8826530612244898
16S:433,-1.9018428266829122
16S:437,-0.407782515991471
16S:438,-0.7689613158696317
16S:439,-0.22959183673469385
16S:444,-0.23781602193116047
16S:445,-0.48180018275967085
16S:447,6.44776119402985
16S:450,6.347014925373134
16S:451,6.75
16S:452,6.75
16S:454,-0.8984922327139813
16S:456,-0.3529546146816933
16S:457,6.75
16S:458,6.75
16S:459,-2.25
16S:460,-1.4714438014011575
16S:461,6.566326530612245
16S:462,6.75
16S:464,-1.899786780383795
16S:465,-2.066326530612245
16S:467,-2.2500000000000004
16S:468,6.566326530612245
16S:469,6.75
16S:470,6.75
16S:472,6.75
16S:473,6.75
16S:474,6.75
16S:475,6.566326530612245
16S:476,-1.6989795918367347
16S:477,6.75
16S:478,6.75
16S:479,6.615671641791045
16S:480,6.566326530612245
16S:481,6.75
16S:482,6.75
16S:483,6.75
16S:484,6.382653061224489
16S:485,6.481343283582089
16S:486,6.75
16S:488,6.75
16S:489,6.566326530612245
16S:490,-2.2500000000000004
16S:492,-1.9429637526652452
16S:493,-2.1156716417910446
16S:496,-0.8984922327139813
16S:498,6.75
16S:500,6.75
16S:501,6.481343283582089
16S:502,-1.5153061224489797
16S:503,6.382653061224489
16S:504,-2.25
16S:505,6.382653061224489
16S:507,-1.597547974413646
16S:511,-2.066326530612245
16S:512,-1.8168595796527565
16S:514,6.38265306122449
16S:516,6.75
16S:518,6.75
16S:519,6.75
16S:521,6.75
16S:523,-2.140344197380445
16S:524,6.75
16S:525,6.75
16S:526,6.615671641791045
16S:527,6.75
16S:528,6.75
16S:530,6.38265306122449
16S:532,-1.501599147121535
16S:534,6.615671641791045
16S:536,6.75
16S:537,6.566326530612245
16S:538,-2.25
16S:541,6.75
16S:553,-0.8491471215351813
16S:554,-1.4029089247639353
16S:555,-1.249390801096558
16S:560,6.615671641791045
16S:561,6.75
16S:562,6.75
16S:570,6.198979591836736
16S:574,6.566326530612245
16S:575,6.566326530612245
16S:576,6.198979591836736
16S:578,-0.17476393542491608
16S:582,-0.21040207127627153
16S:589,-0.19052695705147726
16S:590,-0.9396131586963143
16S:591,-1.36727078891258
16S:592,-0.1637983551629607
16S:596,6.75
16S:597,6.566326530612245
16S:605,6.75
16S:606,6.75
16S:608,6.75
16S:609,-1.2247182455071577
16S:611,-1.652375875723424
16S:612,-0.1446085897045386
16S:616,-0.13912579957356064
16S:618,6.38265306122449
16S:622,-0.7504568991775815
16S:623,-0.3666615900091378
16S:626,-1.3672707889125804
16S:628,6.75
16S:629,-2.066326530612245
16S:630,6.75
16S:631,-0.5558178495278705
16S:637,6.198979591836736
16S:638,-2.2390344197380445
16S:639,6.75
16S:641,6.75
16S:642,6.3086353944562905
16S:643,-0.9807340846786474
16S:645,6.75
16S:649,6.615671641791045
16S:650,6.75
16S:651,6.75
16S:652,-0.829957356076759
16S:654,-0.5613006396588486
16S:655,-0.692887602802315
16S:656,-1.4056503198294241
16S:657,-0.33650624428875997
16S:658,6.75
16S:660,-2.066326530612245
16S:661,-1.463219616204691
16S:668,6.75
16S:669,6.75
16S:670,-2.25
16S:673,6.347014925373134
16S:674,6.615671641791045
16S:679,6.615671641791045
16S:680,6.3086353944562905
16S:681,6.75
16S:683,6.75
16S:685,6.3086353944562905
16S:686,6.615671641791045
16S:688,-0.8518885166006702
16S:691,-0.38036856533658236
16S:692,-0.7723880597014925
16S:698,-1.3316326530612248
16S:701,-0.8546299116661591
16S:702,-0.6298355162960708
16S:703,-1.7373591227535792
16S:705,-1.2247182455071577
16S:706,6.566326530612245
16S:707,6.75
16S:708,6.75
16S:710,-2.25
16S:711,6.566326530612245
16S:713,6.75
16S:716,-1.5454614681693573
16S:718,6.198979591836736
16S:719,6.75
16S:720,6.75
16S:721,6.615671641791045
16S:723,6.566326530612245
16S:725,-1.6386689003959796
16S:726,-1.592065184282668
16S:727,6.75
16S:728,6.75
16S:729,6.566326530612245
16S:733,6.566326530612245
16S:735,6.75
16S:736,6.566326530612245
16S:738,-1.5893237892171794
16S:739,6.75
16S:740,6.615671641791045
16S:741,6.615671641791045
16S:742,6.75
16S:743,6.75
16S:744,6.75
16S:745,6.75
16S:746,6.75
16S:747,6.259290283277489
16S:748,6.75
16S:749,6.75
16S:750,6.615671641791045
16S:751,6.75
16S:752,-1.5893237892171794
16S:754,6.75
16S:755,6.75
16S:756,6.75
16S:757,6.566326530612245
16S:758,6.566326530612245
16S:759,6.75
16S:760,6.75
16S:761,-1.592065184282668
16S:762,-1.6386689003959791
16S:764,6.434739567468778
16S:767,6.75
16S:768,6.259290283277489
16S:769,6.75
16S:770,6.75
16S:771,6.38265306122449
16S:774,6.75
16S:775,6.566326530612245
16S:776,-1.2932531221443802
16S:778,-0.6133871459031375
16S:781,6.171565641181846
16S:792,-0.295385318306427
16S:795,-0.12199208041425535
16S:808,-0.5667834297898264
16S:818,6.481343283582089
16S:819,6.434739567468778
16S:820,-0.8436643314042036
16S:821,-1.581099604020713
16S:822,6.75
16S:823,6.75
16S:824,-2.1513097776424006
16S:825,-0.810767590618337
16S:830,6.75
16S:831,6.75
16S:834,-0.7011117879987815
16S:836,-1.2932531221443802
16S:837,6.566326530612245
16S:838,6.75
16S:840,6.75
16S:842,6.75
16S:843,6.75
16S:844,6.3086353944562905
16S:845,6.75
16S:847,6.75
16S:848,6.615671641791045
16S:849,6.75
16S:850,6.75
16S:852,6.2592902832774895
16S:856,6.75
16S:857,6.75
16S:858,6.75
16S:859,6.75
16S:860,6.303152604325312
16S:862,-0.320057873895827
16S:863,6.38265306122449
16S:865,6.75
16S:866,6.566326530612245
16S:867,6.75
16S:868,6.75
16S:869,6.75
16S:870,-2.25
16S:871,6.75
16S:872,6.75
16S:873,6.75
16S:875,6.347014925373134
16S:876,6.75
16S:877,6.75
16S:878,6.75
16S:879,6.2592902832774895
16S:880,6.75
16S:881,-1.8826530612244898
16S:882,6.75
16S:883,6.75
16S:884,6.75
16S:885,6.75
16S:886,6.566326530612245
16S:888,-2.069067925677734
16S:889,-2.25
16S:890,6.481343283582089
16S:891,-2.1156716417910446
16S:892,6.615671641791045
16S:894,6.198979591836736
16S:895,6.566326530612245
16S:896,6.566326530612245
16S:897,6.75
16S:899,-0.9834754797441364
16S:901,6.75
16S:903,6.75
16S:905,6.198979591836736
16S:908,-2.206137678952178
16S:909,6.566326530612245
16S:910,6.615671641791045
16S:911,-1.7126865671641793
16S:912,6.75
16S:913,6.75
16S:915,6.75
16S:917,6.75
16S:918,6.75
16S:919,6.75
16S:920,6.198979591836736
16S:921,-2.1156716417910446
16S:922,6.437480962534266
16S:923,6.75
16S:924,-0.14186719463904962
16S:925,-2.25
16S:928,6.75
16S:929,6.615671641791045
16S:931,6.75
16S:932,-2.1156716417910446
16S:933,-1.7894456289978677
16S:934,-1.578358208955224
16S:937,6.75
16S:938,-0.04591836734693855
16S:939,6.75
16S:940,6.75
16S:942,6.75
16S:943,6.75
16S:944,6.75
16S:945,-1.1013554675601582
16S:949,-0.9971824550715809
16S:950,-2.2143618641486444
16S:951,-2.2164179104477615
16S:952,6.434739567468778
16S:953,-2.25
16S:954,-0.7806122448979593
16S:955,-1.1260280231495583
16S:957,-0.4324550715808714
16S:965,-0.1309016143770938
16S:966,-0.00479744136460547
16S:968,-0.23507462686567177
16S:969,-1.2247182455071581
16S:970,-1.6606000609198903
16S:971,-0.3584374048126715
16S:973,-2.25
16S:974,-0.9642857142857142
16S:976,-0.9834754797441363
16S:977,-2.1156716417910446
16S:979,-0.007538836430094231
16S:980,-1.6496344806579348
16S:981,-0.4763173926286933
16S:982,-0.3968169357295158
16S:984,-0.388592750533049
16S:985,-0.5092141334145599
16S:986,-0.16653975022844944
16S:988,-0.4598690222357598
16S:991,-0.2350746268656716
16S:993,-1.3535638135851356
16S:994,-0.45095948827292137
16S:996,6.212686567164179
16S:997,-2.2445172098690223
16S:998,6.198979591836736
16S:999,6.75
16S:1000,6.566326530612245
16S:1002,6.566326530612245
16S:1004,6.75
16S:1005,6.75
16S:1006,6.75
16S:1007,6.75
16S:1008,6.347014925373134
16S:1009,6.75
16S:1010,6.75
16S:1012,-1.6797898263783124
16S:1013,6.198979591836736
16S:1015,6.75
16S:1016,6.566326530612245
16S:1018,6.566326530612245
16S:1019,6.566326530612245
16S:1020,6.566326530612245
16S:1022,6.566326530612245
16S:1023,6.382653061224489
16S:1024,6.75
16S:1025,6.75
16S:1027,-0.5037313432835819
16S:1029,6.566326530612245
16S:1030,6.566326530612245
16S:1031,6.198979591836736
16S:1032,6.198979591836736
16S:1034,-0.2350746268656717
16S:1037,6.566326530612245
16S:1038,-1.3453396283886692
16S:1039,-2.1184130368565337
16S:1040,-0.9642857142857144
16S:1042,6.75
16S:1043,6.75
16S:1044,6.566326530612245
16S:1045,6.75
16S:1046,6.75
16S:1047,6.75
16S:1049,-0.9642857142857144
16S:1050,-2.115671641791045
16S:1053,6.75
16S:1054,6.75
16S:1055,6.75
16S:1056,6.382653061224489
16S:1057,6.566326530612245
16S:1059,6.566326530612245
16S:1060,6.38265306122449
16S:1061,-1.7647730734084681
16S:1062,-2.25
16S:1063,6.75
16S:1065,6.75
16S:1066,6.566326530612245
16S:1067,-1.339856838257691
16S:1073,-0.0678495278708496
16S:1077,6.75
16S:1078,6.649253731343283
16S:1082,6.513554675601585
16S:1094,-0.9862168748096253
16S:1100,-0.2960706670727993
16S:1106,6.253807493146512
16S:1117,6.75
16S:1118,6.566326530612245
16S:1120,6.75
16S:1121,6.75
16S:1127,0.026043253122144214
16S:1130,6.75
16S:1135,6.75
16S:1136,6.75
16S:1137,6.566326530612245
16S:1138,6.75
16S:1139,6.75
16S:1140,6.615671641791045
16S:1141,6.566326530612245
16S:1142,6.75
16S:1146,6.566326530612245
16S:1147,6.566326530612245
16S:1148,-1.8826530612244898
16S:1149,-1.1753731343283582
16S:1150,-0.22959183673469385
16S:1151,6.75
16S:1152,6.3086353944562905
16S:1153,6.75
16S:1154,-2.25
16S:1156,6.481343283582089
16S:1157,-1.6797898263783124
16S:1159,6.75
16S:1160,6.437480962534266
16S:1162,-1.0410447761194028
16S:1164,6.615671641791045
16S:1166,6.75
16S:1168,6.437480962534266
16S:1169,6.434739567468778
16S:1170,6.347014925373134
16S:1171,-1.3453396283886687
16S:1172,-2.25
16S:1173,6.434739567468778
16S:1175,-0.7696466646360034
16S:1176,-0.16928114529393834
16S:1179,-1.1013554675601582
16S:1180,6.75
16S:1181,6.75
16S:1182,6.75
16S:1183,6.75
16S:1186,6.75
16S:1187,6.75
16S:1188,6.615671641791045
16S:1189,-1.7126865671641793
16S:1190,6.75
16S:1192,-2.0279469996954007
16S:1195,6.198979591836736
16S:1197,6.75
16S:1198,6.75
16S:1199,6.75
16S:1200,6.198979591836736
16S:1201,6.75
16S:1208,6.38265306122449
16S:1209,6.615671641791045
16S:1210,6.75
16S:1212,-0.9012336277794699
16S:1215,6.649253731343284
16S:1219,6.566326530612245
16S:1222,-0.6517666768199817
16S:1226,6.75
16S:1227,-2.219844654279622
16S:1229,6.75
16S:1236,6.75
16S:1240,6.75
16S:1242,6.75
16S:1245,-0.5832318001827597
16S:1247,6.75
16S:1248,6.75
16S:1249,6.382653061224489
16S:1250,-0.8052848004873594
16S:1256,6.75
16S:1259,6.198979591836736
16S:1260,6.566326530612245
16S:1261,6.566326530612245
16S:1266,6.75
16S:1269,6.75
16S:1270,-1.0054066402680477
16S:1271,-1.2192354553761806
16S:1273,-0.09252208346024937
16S:1275,6.75
16S:1276,6.75
16S:1278,6.75
16S:1279,6.75
16S:1280,6.75
16S:1282,6.75
16S:1284,-0.2734541577825161
16S:1286,-1.2192354553761806
16S:1287,-0.9149406031069145
16S:1288,6.75
16S:1291,6.615671641791045
16S:1292,6.75
16S:1293,6.198979591836736
16S:1295,-0.5146969235455376
16S:1297,6.75
16S:1298,6.75
16S:1299,6.75
16S:1301,6.75
16S:1303,-0.9834754797441364
16S:1305,6.75
16S:1306,6.75
16S:1307,6.75
16S:1308,6.75
16S:1309,6.75
16S:1312,6.305893999390801
16S:1313,6.75
16S:1316,-0.4763173926286933
16S:1317,-1.4275814803533353
16S:1318,6.615671641791045
16S:1319,6.38265306122449
16S:1320,6.566326530612245
16S:1321,-0.9642857142857144
16S:1323,6.615671641791045
16S:1325,-1.0849070971672248
16S:1326,-0.5174383186110265
16S:1329,6.75
16S:1330,6.305893999390801
16S:1331,6.382653061224489
16S:1333,6.75
16S:1334,6.75
16S:1335,6.75
16S:1336,6.38265306122449
16S:1339,6.566326530612245
16S:1340,6.198979591836736
16S:1341,-2.066326530612245
16S:1342,6.38265306122449
16S:1344,-1.9374809625342675
16S:1345,6.481343283582089
16S:1346,-2.25
16S:1347,-2.069067925677734
16S:1349,6.382653061224489
16S:1350,6.75
16S:1351,6.75
16S:1352,6.75
16S:1353,-1.8826530612244898
16S:1354,6.75
16S:1355,6.75
16S:1356,6.2592902832774895
16S:1357,6.75
16S:1358,6.75
16S:1359,6.75
16S:1360,6.2592902832774895
16S:1361,6.75
16S:1362,6.75
16S:1363,6.75
16S:1364,6.566326530612245
16S:1365,6.75
16S:1366,6.75
16S:1367,6.75
16S:1372,6.75
16S:1373,6.75
16S:1375,-1.8250837648492233
16S:1376,-1.740100517819068
16S:1378,6.75
16S:1384,-0.5174383186110264
16S:1386,-0.30360950350289373
16S:1389,-1.9703777033201337
16S:1390,-1.8497563204386231
16S:1391,-0.4077825159914713
16S:1393,6.615671641791045
16S:1394,6.437480962534266
16S:1395,-0.8518885166006701
16S:1397,-0.8642247943953701
16S:1398,-0.04523301858056662
16S:1401,-0.12747487054523307
16S:1415,-0.6798659762412426
16S:1417,-0.23233323180018273
16S:1418,-0.9889582698751145
16S:1420,-0.3968169357295157
16S:1421,6.179789826378312
16S:1423,6.75
16S:1425,-1.8168595796527565
16S:1426,-1.8881358513554676
16S:1431,-0.758681084374048
16S:1434,0.05003045994517197
16S:1438,6.75
16S:1439,-1.7401005178190678
16S:1440,-1.646893085592446
16S:1442,6.75
16S:1443,6.75
16S:1447,6.75
16S:1448,6.75
16S:1449,6.566326530612245
16S:1450,6.75
16S:1451,6.75
16S:1452,6.566326530612245
16S:1453,6.38265306122449
16S:1455,6.75
16S:1456,6.75
16S:1457,6.75
16S:1458,6.75
16S:1459,6.75
16S:1460,6.75
16S:1461,6.75
16S:1464,6.75
16S:1466,6.347014925373134
16S:1467,6.75
16S:1468,6.75
16S:1471,6.615671641791045
16S:1472,6.75
16S:1473,6.75
16S:1474,6.75
16S:1477,6.75
16S:1478,6.38265306122449
16S:1480,6.305893999390801
16S:1481,6.75
16S:1484,6.38265306122449
16S:1485,6.75
16S:1486,6.75
16S:1487,6.347014925373134
16S:1488,6.615671641791045
16S:1489,6.566326530612245
16S:1490,6.566326530612245
16S:1491,6.566326530612245
16S:1492,6.75
16S:1493,6.566326530612245
16S:1494,6.244897959183674
